circuit_id,matched,geo_id,length_m,altitude_m,geo_length_m,mean_curv,straight_frac,tight_frac,corners
albert_park,1,au-1953,5278,10,5259.241947296856,4.330528280634413,0.6153025489677257,0.037992052794826606,14.0
americas,1,us-2012,5514,130,5512.148284561219,5.845170495405657,0.587332454055689,0.07266997159018715,20.0
bahrain,1,bh-2002,5412,-16,5403.034921805219,4.442485230160283,0.6289037170954109,0.05275778350555438,15.0
baku,1,az-2016,6003,-25,5932.299112069128,3.8343356671462194,0.6391215665620922,0.046503823824394476,20.0
catalunya,1,es-1991,4655,165,4652.738226403932,5.416413115459537,0.47829998447565414,0.07281647525601118,14.0
hockenheimring,1,de-1932,4574,148,4546.011161006298,4.90488335527269,0.6265792132569137,0.054850677170151775,17.0
hungaroring,1,hu-1986,4381,239,4364.660527322251,6.0771053767599,0.48771040797820864,0.09940377396723447,16.0
imola,1,it-1953,4909,47,4893.069315269058,4.022659703616786,0.6811364104674692,0.047299053824720924,19.0
interlagos,1,br-1940,4309,765,4284.60827533854,5.938460243209821,0.47049505227460675,0.07347067433920043,15.0
istanbul,1,tr-2005,5338,150,5300.4068801088115,5.031800939941818,0.632799609226005,0.06417338745801224,14.0
jeddah,1,sa-2021,6175,12,6168.868004616332,4.8103842434778645,0.36333384782970035,0.05587793701349452,27.0
losail,1,qa-2004,5380,5,5408.146541881264,4.814432894982927,0.454826673803087,0.03172095058477633,16.0
madring,1,es-2026,5474,646,5414.640168472919,6.545838328642772,0.3777360375589513,0.06799988692281429,
marina_bay,1,sg-2008,4928,18,4930.960850012102,5.909234810260948,0.6054433254265722,0.09216579290891456,19.0
miami,1,us-2022,5412,1,5414.392959519638,5.458934950857049,0.4971421067472371,0.06066135793544768,19.0
monaco,1,mc-1929,3337,47,3316.12092802455,11.099162409460302,0.35469581904288616,0.14109746341735668,19.0
monza,1,it-1922,5793,142,5767.328210702906,2.977929254044638,0.7207981148003274,0.02586240681782424,11.0
mugello,1,it-1914,5245,292,5224.707811386351,4.6408103197218935,0.613235823725201,0.03205310212434634,0.0
nurburgring,1,de-1927,5148,627,5123.071529023768,5.710572486299439,0.5117694621770257,0.08305371647198197,15.0
portimao,1,pt-2008,4653,44,4635.258591354061,5.433569977443413,0.5003384274131863,0.0719807557859776,15.0
red_bull_ring,1,at-1969,4318,721,4298.060747312694,3.73154924691501,0.6139597445370649,0.032032889983882255,10.0
ricard,1,fr-1969,5842,408,5810.537962445678,5.149050254481434,0.533856499745904,0.06105025423445357,15.0
rodriguez,1,mx-1962,4304,2232,4296.290438500163,5.660224087707924,0.6287271954712739,0.08130367002175132,17.0
sepang,1,my-1999,5543,39,5544.5925781664,5.35274325113442,0.5355691382337204,0.08798206947745836,
shanghai,1,cn-2004,5451,14,5434.570203539144,5.879322943258073,0.48746416178116014,0.070165323625237,16.0
silverstone,1,gb-1948,5891,196,5862.094143333235,4.7143003695612755,0.5509277361609798,0.047634882223715286,18.0
sochi,1,ru-2014,5848,23,5822.832180595398,4.398776212325919,0.5605485006257225,0.04956946000897318,18.0
spa,1,be-1925,7004,413,6955.471963944087,4.164126915894753,0.591458197491056,0.040583615575459205,19.0
suzuka,1,jp-1962,5807,60,5800.700845521251,5.150560244960949,0.4273805165143511,0.033332023987220585,18.0
vegas,1,us-2023,6201,610,6202.971316984773,3.6994550132121793,0.7111364541325388,0.044928418006975876,17.0
villeneuve,1,ca-1978,4361,13,4345.818532866543,5.0762055571879525,0.6487714270312939,0.07819191150558101,14.0
yas_marina,1,ae-2009,5281,9,5278.812072450031,4.745716554962029,0.6035087033351797,0.06223924866532623,16.0
zandvoort,1,nl-1948,4259,3,4246.739110321188,6.645503921551715,0.3939692964399062,0.12932820885639298,14.0
