race_key,total_laps,base_lap_s,deg,pit_loss,n_sc,sc_laps,sc_starts,sc_lens,n_vsc,red
2018-01,58,88.76,4.730947416941371e-05,,1,5,[0.466],[5],1,0
2018-02,57,96.255,0.0006614850281361898,22.816000000000017,0,0,[],[],1,0
2018-03,56,99.503,3.2528524372774034e-05,22.905,1,5,[0.554],[5],0,0
2018-04,51,107.96875,4.1785481000400975e-05,22.270000000000003,2,13,"[0.02, 0.784]","[5, 8]",0,0
2018-05,66,82.7295,0.00018290068917314607,22.405249999999995,1,6,[0.015],[6],1,0
2018-06,78,79.12825,0.00010687206384993153,21.333,0,0,[],[],1,0
2018-07,70,76.477,4.347106287208569e-05,18.5045,1,4,[0.014],[4],0,0
2018-08,53,98.159,0.00041653394793613775,26.181999999999988,1,5,[0.019],[5],1,0
2018-09,71,69.54075,-8.718527519393522e-06,21.583,0,0,[],[],1,0
2018-10,52,95.08500000000001,5.81529477587899e-05,18.497,1,10,[0.615],[10],0,0
2018-11,67,79.763,0.0002093437368629889,18.255500000000026,1,7,[0.761],[7],0,0
2018-12,70,83.994,0.00015609485776965512,19.375,0,0,[],[],2,0
2018-13,44,110.251,0.0002716778264888239,18.774500000000003,1,4,[0.023],[4],0,0
2018-14,53,85.907,0.0002182235428544649,26.01975000000001,1,2,[0.038],[2],1,0
2018-15,61,107.19749999999999,0.00016579946577337145,27.468999999999994,1,4,[0.016],[4],0,0
2018-16,53,100.149,0.00011940838887561412,24.727000000000004,0,0,[],[],0,0
2018-17,53,96.2495,0.0005625322390064791,20.775499999999994,1,4,[0.075],[4],1,0
2018-18,56,101.193,0.000331609816048107,19.7855,0,0,[],[],1,0
2018-19,71,84.01225,8.36712827315755e-05,21.186750000000004,0,0,[],[],3,0
2018-20,71,74.33124999999998,0.0004058421963578166,22.352000000000004,0,0,[],[],0,0
2018-21,55,104.99600000000001,0.00016744820770142992,19.638749999999995,1,4,[0.018],[4],1,0
2019-01,58,89.08,0.0001386716945169372,23.573000000000008,0,0,[],[],0,0
2019-02,57,97.9165,0.0010114413505066266,24.703249999999997,1,4,[0.947],[4],0,0
2019-03,56,99.19800000000001,0.0007427452931776209,23.46050000000001,0,0,[],[],1,0
2019-04,51,107.7875,0.00020399742502803664,23.90650000000001,0,0,[],[],1,0
2019-05,66,83.3275,0.0003445860336154818,23.182999999999993,1,8,[0.682],[8],0,0
2019-06,78,78.106,-3.515025448841431e-05,20.0625,1,5,[0.128],[5],0,0
2019-07,70,77.0655,0.0001458975382982242,18.53150000000001,0,0,[],[],0,0
2019-08,53,96.678,0.00018663602148713022,25.9225,0,0,[],[],1,0
2019-09,71,69.92750000000001,0.00017691300490332528,21.548999999999992,0,0,[],[],0,0
2019-10,52,91.44800000000001,0.00022940073282097325,20.316500000000005,1,4,[0.385],[4],0,0
2019-11,64,91.5175,0.0003754224177962437,26.003999999999998,4,17,"[0.031, 0.438, 0.641, 0.891]","[3, 6, 5, 3]",2,0
2019-12,70,82.967,0.00045993831350895075,20.7665,0,0,[],[],0,0
2019-13,44,110.5175,0.000693948217419588,17.399499999999996,1,4,[0.023],[4],0,0
2019-14,53,85.42225,0.0002499910532895471,24.892750000000007,0,0,[],[],1,0
2019-15,61,108.438,0.00023195865902040033,26.992000000000004,3,11,"[0.59, 0.721, 0.82]","[5, 4, 2]",0,0
2019-16,53,100.518,2.6511946264173617e-05,23.67475000000001,2,7,"[0.019, 0.547]","[3, 4]",1,0
2019-17,53,95.66749999999999,0.0006780595258388154,22.697999999999993,0,0,[],[],0,0
2019-18,71,81.80574999999999,0.00022903067121774533,22.451499999999996,0,0,[],[],1,0
2019-19,56,101.3825,0.0006895400970975469,20.8375,0,0,[],[],0,0
2019-20,71,74.1895,0.000421957329868761,21.39875,2,11,"[0.746, 0.93]","[7, 4]",0,0
2019-21,55,104.12675,0.00024176903714068882,22.000499999999988,0,0,[],[],0,0
2020-01,68,70.196,-0.0009280399763359749,13.54849999999999,2,19,"[0.353, 0.721]","[7, 12]",0,0
2020-02,71,69.0755,0.0001779719507108844,21.74750000000001,1,3,[0.014],[3],0,0
2020-03,70,81.8105,0.000353877984712427,22.795999999999992,0,0,[],[],0,0
2020-04,52,91.4745,0.00019150868654068366,27.781749999999995,2,11,"[0.038, 0.231]","[4, 7]",0,0
2020-05,52,92.29625,0.0003065034352070009,19.049,0,0,[],[],0,0
2020-06,66,84.637,0.00031399224631407994,21.99849999999998,0,0,[],[],0,0
2020-07,44,110.24,0.00040917007880138,19.24900000000001,1,5,[0.227],[5],0,0
2020-08,53,85.30425,0.00019961445433724096,,2,6,"[0.377, 0.472]","[4, 2]",0,1
2020-09,59,83.6755,0.00026753509951887,24.434499999999993,2,11,"[0.017, 0.729]","[8, 3]",0,1
2020-10,53,100.932,0.0002795060877239173,26.070499999999996,1,5,[0.019],[5],1,0
2020-11,60,92.805,0.0005992199499947041,24.84825,1,6,[0.733],[6],1,0
2020-12,66,82.5575,0.00011374418143223768,28.755000000000003,0,0,[],[],0,0
2020-13,63,79.606,2.7230075271080488e-05,28.457500000000003,1,7,[0.81],[7],1,0
2020-14,58,103.806,0.00016945903993284363,21.58749999999999,0,0,[],[],1,0
2020-15,57,95.572,0.0008495585627813151,23.690999999999995,2,10,"[0.053, 0.947]","[6, 4]",0,1
2020-16,87,58.522,0.00023881383105530846,23.474000000000004,2,14,"[0.011, 0.701]","[6, 8]",2,0
2020-17,55,103.3455,0.00028450164245344655,23.5865,1,3,[0.2],[3],1,0
2021-01,56,96.42075,0.0006358929457184757,22.955750000000002,1,3,[0.018],[3],1,0
2021-02,63,81.222,0.0002539160205908587,35.0855,2,8,"[0.016, 0.492]","[6, 2]",0,1
2021-03,66,82.98975,0.00010523955486434598,26.906999999999996,1,5,[0.03],[5],0,0
2021-04,66,83.985,0.0006460054413121352,22.142500000000005,1,3,[0.121],[3],0,0
2021-05,78,76.427,6.783848255198051e-05,20.49899999999998,0,0,[],[],0,0
2021-06,51,107.1155,7.982450406296082e-05,22.83475,2,7,"[0.608, 0.922]","[5, 2]",0,1
2021-07,53,99.94,0.0003449683417198459,23.25199999999999,0,0,[],[],0,0
2021-08,71,70.18199999999999,0.00019783643901249534,20.59175000000001,0,0,[],[],0,0
2021-09,71,69.814,0.00019123325011340282,19.977250000000005,1,3,[0.014],[3],0,0
2021-10,52,93.2,7.566329747353468e-05,19.68100000000001,1,2,[0.019],[2],0,1
2021-11,70,83.13,0.00023350581040060427,20.09400000000001,1,2,[0.014],[2],0,1
2021-12,3,,,,0,0,[],[],0,1
2021-13,72,76.357,0.000401769203263689,21.325500000000005,0,0,[],[],0,0
2021-14,53,87.1495,0.00012236872266274923,25.100999999999992,1,5,[0.491],[5],2,0
2021-15,53,101.318,0.00020402522885644723,25.54,0,0,[],[],0,0
2021-16,58,94.936,0.00033990262853667984,23.4405,0,0,[],[],0,0
2021-17,56,102.4135,0.0005862765442422583,19.448999999999998,0,0,[],[],1,0
2021-18,71,81.81200000000001,0.00020835084673436128,23.763000000000005,1,4,[0.014],[4],0,0
2021-19,71,74.87925,0.0005147141016690847,20.322000000000003,1,4,[0.085],[4],2,0
2021-20,57,89.033,0.00027426577702890296,26.240999999999993,0,0,[],[],1,0
2021-21,50,93.757,0.000232694486534132,,1,4,[0.2],[4],3,1
2021-22,58,89.489,0.00018276776220227161,22.686000000000007,1,6,[0.897],[6],1,0
2022-01,57,99.446,0.0010044632259172189,24.262,1,6,[0.789],[6],1,0
2022-02,50,95.361,0.00020974035879178584,24.047999999999988,1,5,[0.32],[5],2,0
2022-03,58,84.48525000000001,0.0001357504847120445,21.100250000000003,2,8,"[0.052, 0.397]","[4, 4]",2,0
2022-04,63,81.8925,3.4219820931284586e-05,27.739999999999995,1,4,[0.016],[4],0,0
2022-05,57,94.875,6.630159007597108e-05,20.43925,1,6,[0.719],[6],1,0
2022-06,66,88.5445,0.0010772019342795958,22.812999999999988,0,0,[],[],0,0
2022-07,64,81.39075,0.0005791524007145044,21.754499999999993,2,5,"[0.031, 0.422]","[1, 4]",1,1
2022-08,51,109.736,0.0002076159855546348,23.849000000000004,0,0,[],[],2,0
2022-09,70,78.943,0.00029001872546512077,18.6715,1,7,[0.686],[7],2,0
2022-10,52,94.227,0.00020875013618040187,21.8155,1,5,[0.731],[5],0,1
2022-11,71,71.279,0.0005875919399836363,22.057000000000002,0,0,[],[],1,0
2022-12,53,99.74799999999999,0.00020852714761828044,28.756999999999998,1,3,[0.34],[3],1,0
2022-13,70,84.884,0.0004446498607664356,23.242999999999995,0,0,[],[],2,0
2022-14,44,114.575,0.0008095742909524323,19.08975000000001,1,3,[0.045],[3],0,0
2022-15,72,77.07249999999999,0.0005130476947331229,22.995000000000005,1,6,[0.764],[6],1,0
2022-16,53,87.10125,0.0002284760461971527,25.55250000000001,1,7,[0.887],[7],1,0
2022-17,59,118.551,0.0003078858555197753,,2,7,"[0.136, 0.61]","[3, 4]",3,0
2022-18,29,109.177,0.0006128145893463431,23.404500000000013,1,2,[0.034],[2],0,1
2022-19,56,103.12,0.00026414078882308487,19.750500000000002,1,8,[0.321],[8],0,0
2022-20,71,84.18100000000001,0.00021473128230180323,23.488,0,0,[],[],1,0
2022-21,71,76.804,0.0004888869649461874,22.025999999999996,2,12,"[0.014, 0.761]","[6, 6]",1,0
2022-22,58,91.165,0.0004077787315564799,23.069999999999993,0,0,[],[],0,0
2023-01,57,98.38,0.0005540443572192328,25.100500000000004,0,0,[],[],1,0
2023-02,50,95.0455,0.0001356756240852281,21.13300000000001,1,4,[0.34],[4],0,0
2023-03,58,82.28450000000001,8.203626055151419e-05,,3,7,"[0.017, 0.121, 0.931]","[3, 2, 2]",1,1
2023-04,51,107.17,9.653201714194343e-05,21.899500000000003,1,4,[0.196],[4],0,0
2023-05,57,92.69525,0.00013399143684074343,19.40025,0,0,[],[],0,0
2023-06,78,78.67099999999999,0.00013483101466903356,22.911999999999992,0,0,[],[],0,0
2023-07,66,80.371,0.0004915423215227538,23.63899999999999,0,0,[],[],0,0
2023-08,70,77.289,0.00016599366703374515,19.647000000000006,1,5,[0.171],[5],1,0
2023-09,71,70.594,0.00043930010304599296,21.661500000000004,1,3,[0.014],[3],1,0
2023-10,52,93.12625,0.000137935088905667,19.883000000000003,1,6,[0.635],[6],1,0
2023-11,70,84.573,0.0004979616738396281,22.015499999999996,0,0,[],[],0,0
2023-12,44,112.82925,0.0008611957066027089,19.269999999999996,0,0,[],[],0,0
2023-13,72,76.6955,0.00040670386680866056,25.82549999999999,2,8,"[0.222, 0.903]","[6, 2]",1,1
2023-14,51,86.94149999999999,0.00046933283406800416,25.424999999999997,0,0,[],[],0,0
2023-15,62,100.5075,0.00030551690892951117,,1,3,[0.323],[3],1,0
2023-16,53,98.542,0.0008757168346271019,21.865250000000003,1,4,[0.019],[4],1,0
2023-17,57,87.92150000000001,0.00039578648837376745,27.546999999999997,1,4,[0.018],[4],0,0
2023-18,56,102.097,0.0005708464581869073,20.944499999999998,0,0,[],[],0,0
2023-19,71,83.7935,0.0002780213392697812,22.21875,1,3,[0.465],[3],1,1
2023-20,71,76.079,0.0004678792210700028,21.857500000000016,1,2,[0.014],[2],0,1
2023-21,50,98.9915,0.00017390428719665118,24.946250000000006,2,7,"[0.06, 0.52]","[4, 3]",1,0
2023-22,58,90.082,0.0004607029192965146,22.262500000000003,0,0,[],[],0,0
2024-01,57,97.072,0.0006385187209194021,24.40400000000001,0,0,[],[],0,0
2024-02,50,94.1725,0.0001686668057280545,21.22,1,3,[0.14],[3],0,0
2024-03,58,82.7735,0.00030835649926731084,20.647999999999996,0,0,[],[],2,0
2024-04,53,97.459,0.0007895838437293577,22.254999999999995,0,0,[],[],0,1
2024-05,56,101.192,0.00044128633602877825,23.116499999999995,1,9,[0.411],[9],1,0
2024-06,57,93.0195,9.04557483599385e-05,19.48124999999999,1,5,[0.491],[5],1,0
2024-07,63,81.83850000000001,0.0004415940690204319,27.929999999999993,0,0,[],[],0,0
2024-08,78,79.72274999999999,0.00014714428460059912,22.19699999999999,1,2,[0.013],[2],0,1
2024-09,70,86.8485,-1.651080979887608e-06,25.63600000000001,2,11,"[0.357, 0.757]","[5, 6]",0,0
2024-10,66,80.642,0.000660070170172551,22.618999999999986,0,0,[],[],0,0
2024-11,71,71.192,0.0006069429000896606,20.836,0,0,[],[],1,0
2024-12,52,92.733,4.96274154353456e-05,27.60300000000001,0,0,[],[],0,0
2024-13,70,84.212,0.0006376939925198967,20.009500000000003,0,0,[],[],0,0
2024-14,44,108.8605,0.0003475548823921079,18.539,0,0,[],[],0,0
2024-15,72,75.9795,0.00031207386401006185,23.120749999999994,0,0,[],[],0,0
2024-16,53,84.72225,0.00042473999127917825,25.623500000000007,0,0,[],[],0,0
2024-17,51,108.942,0.0001281302190928296,20.97925,0,0,[],[],1,0
2024-18,62,98.5205,0.00024743358325353827,28.97,0,0,[],[],0,0
2024-19,56,100.3605,0.00030678920229272616,21.340999999999994,1,3,[0.054],[3],0,0
2024-20,71,82.312,0.00026237692299057864,23.6845,1,6,[0.014],[6],0,0
2024-21,69,84.451,0.00013253687675350684,,2,7,"[0.435, 0.565]","[3, 4]",1,1
2024-22,50,98.3615,0.000460447579056242,22.13299999999998,0,0,[],[],0,0
2024-23,57,86.019,0.00014034876665185077,30.229749999999996,2,12,"[0.018, 0.614]","[4, 8]",1,0
2024-24,58,89.647,0.0004141561574391485,23.668999999999997,0,0,[],[],1,0
2025-01,57,91.9525,9.778272417739876e-05,,3,21,"[0.018, 0.579, 0.825]","[7, 9, 5]",0,0
2025-02,56,97.698,0.00017860779638136087,22.5195,0,0,[],[],0,0
2025-03,53,93.1235,0.0001782821070523157,23.47699999999999,0,0,[],[],0,0
2025-04,57,98.55825,0.0003095420397646192,22.9825,1,4,[0.561],[4],0,0
2025-05,50,94.4995,0.0002515765607361472,20.097499999999997,1,3,[0.02],[3],0,0
2025-06,57,91.77,0.0002669866325594502,18.87100000000001,0,0,[],[],3,0
2025-07,63,81.699,0.00017819520270623144,27.364000000000004,1,9,[0.714],[9],1,0
2025-08,78,77.456,0.0001648883503872635,17.845000000000013,0,0,[],[],1,0
2025-09,66,81.119,0.0008242132081950024,22.435499999999998,1,7,[0.818],[7],0,0
2025-10,70,76.862,0.00026618531784815925,19.4735,1,5,[0.943],[5],0,0
2025-11,70,70.56275,0.0006238487034094205,20.921,1,3,[0.014],[3],0,0
2025-12,52,103.748,-1.4320685806448843e-05,,1,9,[0.25],[9],1,0
2025-13,44,107.72975,6.481820000995286e-05,21.022250000000007,1,4,[0.023],[4],0,0
2025-14,70,82.535,0.00041119218969770937,20.518,0,0,[],[],0,0
2025-15,72,76.039,0.00024742761186592906,19.344000000000015,3,13,"[0.319, 0.736, 0.903]","[4, 5, 4]",1,0
2025-16,53,83.723,0.00016907302973733588,25.129999999999995,0,0,[],[],0,0
2025-17,51,105.78125,0.0001919394118075345,21.051000000000016,1,4,[0.02],[4],0,0
2025-18,62,97.95075,0.00043980126527315205,22.82175000000001,0,0,[],[],0,0
2025-19,56,100.054,0.0002528865139258805,21.255500000000012,0,0,[],[],1,0
2025-20,71,82.6445,0.0003983422055553066,21.986000000000004,0,0,[],[],1,0
2025-21,71,74.607,0.0006159383903168565,21.82949999999998,1,4,[0.028],[4],1,0
2025-22,50,95.718,0.00018998831866806837,22.85575,0,0,[],[],2,0
2025-23,57,86.9115,0.00021360458437455897,25.439750000000004,1,4,[0.123],[4],0,0
2025-24,58,89.822,0.00028268069772691937,22.7265,0,0,[],[],0,0
2026-01,58,84.65,0.0003007367679128619,29.003499999999974,0,0,[],[],3,0
2026-02,56,97.76,0.00018716165128631663,,1,4,[0.179],[4],0,0
2026-03,53,94.9505,0.00012491659528981617,24.4925,1,6,[0.415],[6],0,0
2026-04,57,94.22550000000001,0.00012641675950381538,20.584000000000003,1,6,[0.105],[6],0,0
2026-05,68,77.075,8.210832708896252e-05,28.461,0,0,[],[],2,0
2026-06,78,78.845,0.0002966005271849212,21.982,1,13,[0.744],[13],0,1
2026-07,66,83.72749999999999,0.0009539091188447726,24.43125,0,0,[],[],2,0
2026-08,71,72.72550000000001,0.0006573259879920257,21.75399999999999,0,0,[],[],2,0
2026-09,52,95.40350000000001,0.0005220331899933767,21.566499999999998,1,6,[0.904],[6],2,0
2026-10,44,111.87,0.00023710738766373222,21.13600000000001,1,4,[0.023],[4],2,0
2026-11,70,86.262,0.0007694119126262154,21.099749999999993,0,0,[],[],1,0
2026-12,72,77.984,0.0005745383622136736,18.876000000000012,0,0,[],[],2,1
2026-13,53,86.421,0.0001576044528029153,,1,1,[0.057],[1],1,1
2026-14,57,99.23,0.0001542366991988116,28.445500000000003,0,0,[],[],1,0
2026-15,51,108.8095,0.00011746760023709673,,1,9,[0.588],[9],0,0
