model,races,top1,top1_lo,top1_hi,top3,logloss,ll_lo,ll_hi,brier
grid_logit,15,0.6666666666666666,0.4,0.8666666666666667,0.9333333333333333,1.4157936355880827,0.8108324221072487,2.5139030059443876,0.5347646240860903
logit_pre,15,0.2,0.0,0.4,0.4666666666666667,2.106607078574532,1.8950455394354062,2.3288124084224355,0.8910577217161938
gbm_pre,15,0.0,0.0,0.0,0.2,2.645922813451656,2.347041645712574,2.9359183775767494,1.0305340493510662
nn_pre,15,0.2,0.0,0.4,0.4,2.0513339178153682,1.8226850253127036,2.296494359434648,0.8701794785514598
ens_pre,15,0.06666666666666667,0.0,0.2,0.3333333333333333,2.2348368066610713,2.008020379876298,2.4628005634358963,0.9270617640581414
logit_post,15,0.6,0.3333333333333333,0.8666666666666667,0.9333333333333333,1.3314322412133421,1.0324625994110628,1.6942429748919197,0.6139230204598997
gbm_post,15,0.5333333333333333,0.26666666666666666,0.8,0.8666666666666667,1.4044181104208942,1.0170862162771608,1.8197991156585898,0.640588046064038
nn_post,15,0.6666666666666666,0.4,0.8666666666666667,0.8666666666666667,1.3783584916784557,1.0569333786025443,1.7636240129701604,0.6201520981860863
ens_post,15,0.6,0.3333333333333333,0.8,0.9333333333333333,1.269676751277845,0.9195222333016685,1.651275779493788,0.5917707348791476
