race_key,season,round,race_name,driver,driver_id,constructor,grid,won,s_grid_logit,s_logit_post,s_gbm_post,s_nn_post,s_ens_post,s_logit_pre,s_gbm_pre,s_nn_pre,s_ens_pre
2026-01,2026,1,Australian Grand Prix,Alexander Albon,albon,Williams,15,0.0,-1.70743939146875,-0.7871784153622767,-5.446377112475768,-6.331443,-4.831196988178441,0.03320969703672008,-6.11270783777735,-4.800291,-4.0071791736097975
2026-01,2026,1,Australian Grand Prix,Fernando Alonso,alonso,Aston Martin,17,0.0,-2.2980879104339,-0.8709880805792237,-5.02206145754416,-5.24609,-4.282959339085379,0.5961027884836846,-4.5924926646104804,-1.7934034,-2.1324621785153326
2026-01,2026,1,Australian Grand Prix,Andrea Kimi Antonelli,antonelli,Mercedes,2,0.0,3.6968099504315663,2.4837760676956218,-3.004268873168057,0.84661883,0.1253942919701875,1.4249684825984739,-3.800324759132982,0.11088584,-0.8340362657196658
2026-01,2026,1,Australian Grand Prix,Arvid Lindblad,arvid_lindblad,RB F1 Team,9,0.0,0.2948840369673291,0.2662232580712946,-4.924563781893344,-2.1957684,-2.635380381883053,0.1408890862461007,-4.831390901784289,-2.966706,-2.8202572004557442
2026-01,2026,1,Australian Grand Prix,Oliver Bearman,bearman,Haas F1 Team,12,0.0,-0.7581525820585773,-0.32513245448391653,-5.44531498872941,-4.5518236,-3.9688763516442274,0.08876580006094355,-5.625940733088384,-4.222244,-3.5945309886294945
2026-01,2026,1,Australian Grand Prix,Gabriel Bortoleto,bortoleto,Audi,10,0.0,-0.07036443510254106,-0.2873475992520612,-5.317088626245498,-3.4265075,-3.4723655939917175,-0.1828838669873811,-5.383471834740161,-3.0017853,-3.1557666655012726
2026-01,2026,1,Australian Grand Prix,Valtteri Bottas,bottas,Cadillac F1 Team,19,0.0,-2.861814478160287,-2.132946016476867,-5.373059422323691,-6.7340217,-5.475239556236409,-0.9281490640846526,-5.20683951675249,-2.8058827,-3.2930484675875875
2026-01,2026,1,Australian Grand Prix,Franco Colapinto,colapinto,Alpine F1 Team,16,0.0,-2.0064377661310093,-2.272207181869767,-5.690829200590116,-8.385221,-6.285846386783912,-2.299199641166811,-6.291312962101362,-7.6823015,-5.993505999469177
2026-01,2026,1,Australian Grand Prix,Pierre Gasly,gasly,Alpine F1 Team,14,0.0,-1.4003444833319307,-1.593188783961649,-5.643744740596115,-6.849781,-5.416291431642204,-1.5905334216045737,-6.007054051925797,-6.1941543,-5.079692191252792
2026-01,2026,1,Australian Grand Prix,Isack Hadjar,hadjar,Red Bull,3,0.0,3.0392885480057727,1.2259545404805912,-3.376622883078377,0.17603691,-0.7592387328484134,0.7737510825076022,-3.243877520178697,0.33482814,-0.786460354654072
2026-01,2026,1,Australian Grand Prix,Lewis Hamilton,hamilton,Ferrari,7,0.0,1.0811703292911579,0.8279998384971935,-4.989296282712431,-0.97873086,-1.9763221375409334,0.9900084006332561,-3.577371279230699,-1.0205042,-1.3288281321486488
2026-01,2026,1,Australian Grand Prix,Nico Hülkenberg,hulkenberg,Audi,11,0.0,-0.42071264090775734,-0.43519101252524994,-5.381517948196044,-3.0246863,-3.399484910768129,-0.11318747616152364,-5.70563803574897,-2.4662585,-3.051512818022065
2026-01,2026,1,Australian Grand Prix,Liam Lawson,lawson,RB F1 Team,8,0.0,0.6775968121904168,0.3430974523518318,-4.94452356424744,-3.120711,-2.969134170342888,0.32071618876206326,-4.985700411304777,-3.403993,-2.971917602650375
2026-01,2026,1,Australian Grand Prix,Charles Leclerc,leclerc,Ferrari,4,0.0,2.47549925066826,2.1329660099971597,-3.4727202579266283,0.15873113,-0.4540991692328679,2.2757169447896657,-1.877704841100489,0.5588465,0.3524244534649864
2026-01,2026,1,Australian Grand Prix,Max Verstappen,max_verstappen,Red Bull,20,0.0,-3.1349229891834076,0.9275710505771086,-2.160001178778376,0.40237302,-0.3191539947649699,3.925026684119098,-1.115577808086515,2.187322,1.8403808587001735
2026-01,2026,1,Australian Grand Prix,Lando Norris,norris,McLaren,6,0.0,1.510269424306525,3.1431745034292615,-3.0680991733526484,1.0886432,0.4474456154729936,4.2376886575990245,-1.1125062173694031,1.696921,1.776048421837679
2026-01,2026,1,Australian Grand Prix,Esteban Ocon,ocon,Haas F1 Team,13,0.0,-1.0842683928639936,-0.7989741144320434,-5.468989366537919,-5.0922623,-4.367966222348444,-0.56824600314093,-6.12210579947322,-4.862269,-4.254992474490645
2026-01,2026,1,Australian Grand Prix,Sergio Pérez,perez,Cadillac F1 Team,18,0.0,-2.5830295048455456,-1.0902462198379697,-5.353099639969595,-5.2087007,-4.480170265145377,0.7101145718293299,-5.304401972165371,-1.2072303,-2.136780464257919
2026-01,2026,1,Australian Grand Prix,Oscar Piastri,piastri,McLaren,5,0.0,1.9716099338407647,2.978386202095011,-3.6669856839570607,0.93804806,0.09591208908672628,3.76426701054117,-2.051352601618947,1.4431479,1.162422075540127
2026-01,2026,1,Australian Grand Prix,George Russell,russell,Mercedes,1,1.0,4.535407874971785,3.9555146115821413,-0.7212763283593426,2.0173707,2.019224895887042,2.571297029595767,-3.564441577264862,0.7940744,-0.07332032544450576
2026-01,2026,1,Australian Grand Prix,Carlos Sainz,sainz,Williams,21,0.0,-3.4027758501677656,-0.9285049331031633,-5.044917531376587,-6.042909,-4.620236582248312,1.1559957556926448,-5.20205931579858,-1.7414448,-2.131620626237421
2026-01,2026,1,Australian Grand Prix,Lance Stroll,stroll,Aston Martin,22,0.0,-3.6657443148868256,-2.2618242947322282,-5.391062101373741,-8.236153,-6.109278757964942,-0.7420861957664813,-5.877521192341615,-4.435897,-4.071897497981362
2026-02,2026,2,Chinese Grand Prix,Alexander Albon,albon,Williams,22,0.0,-3.6657443148868256,-1.6621933284817791,-5.7173152545826085,-7.487902,-5.716466326778052,-0.980111677834774,-6.6518677642009285,-5.6969967,-4.909249119154141
2026-02,2026,2,Chinese Grand Prix,Fernando Alonso,alonso,Aston Martin,18,0.0,-2.5830295048455456,-1.356098946593408,-5.671580468206864,-7.521109,-5.593957217996703,-0.4677504277372459,-6.204537085289819,-5.0324054,-4.311002787711569
2026-02,2026,2,Chinese Grand Prix,Andrea Kimi Antonelli,antonelli,Mercedes,1,1.0,4.535407874971785,3.333259926714212,-2.2556459862165115,1.6804936,1.060482494891255,2.0985243905466993,-2.5962793004478897,0.4558536,-0.01543283681874407
2026-02,2026,2,Chinese Grand Prix,Arvid Lindblad,arvid_lindblad,RB F1 Team,15,0.0,-1.70743939146875,-0.6753444999529942,-5.319533757055442,-4.039674,-3.858249425017114,0.41674126445051873,-5.100032645143113,-2.8939505,-2.790804595812599
2026-02,2026,2,Chinese Grand Prix,Oliver Bearman,bearman,Haas F1 Team,10,0.0,-0.07036443510254106,0.03678168935073882,-5.502094418175548,-2.9917552,-3.2517124285270493,9.722650661905807e-05,-5.730489875160736,-3.4534054,-3.382521803714177
2026-02,2026,2,Chinese Grand Prix,Gabriel Bortoleto,bortoleto,Audi,16,0.0,-2.0064377661310093,-1.5085509848330902,-5.550126321654901,-5.909608,-4.986259334935559,-1.1123162219413762,-6.207474732571835,-4.942735,-4.51646061241163
2026-02,2026,2,Chinese Grand Prix,Valtteri Bottas,bottas,Cadillac F1 Team,19,0.0,-2.861814478160287,-2.6127965114776135,-5.708856728710256,-10.829984,-7.3637359991393545,-2.9282213977901472,-6.441266214654552,-9.100289,-6.80267826785358
2026-02,2026,2,Chinese Grand Prix,Franco Colapinto,colapinto,Alpine F1 Team,12,0.0,-0.7581525820585773,-1.6367945758038924,-5.729881867422312,-6.3602705,-5.277962067775554,-2.31601765949615,-6.610208598533338,-7.1309266,-5.914074929293575
2026-02,2026,2,Chinese Grand Prix,Pierre Gasly,gasly,Alpine F1 Team,7,0.0,1.0811703292911579,-0.5635783295186854,-5.660279410658457,-4.1752796,-3.9984311687570844,-1.5380834531503444,-6.386228256333738,-5.654987,-5.001446388558044
2026-02,2026,2,Chinese Grand Prix,Isack Hadjar,hadjar,Red Bull,9,0.0,0.2948840369673291,-0.11170239094715198,-4.874383082016003,-1.1043743,-2.3417600238554384,0.009488022374040173,-3.5654017763888994,-0.02401185,-1.3185368814027485
2026-02,2026,2,Chinese Grand Prix,Lewis Hamilton,hamilton,Ferrari,3,0.0,3.0392885480057727,1.8335706019746776,-2.7914038687082043,-0.5472149,-0.5786856538761392,1.5190778313284279,-3.538128859799407,-0.4874794,-0.9231903577493029
2026-02,2026,2,Chinese Grand Prix,Nico Hülkenberg,hulkenberg,Audi,11,0.0,-0.42071264090775734,-1.2070265230763122,-5.48826079656264,-5.3388605,-4.627086855808621,-0.9583888710267704,-5.726093467690732,-4.9235144,-4.275388224793725
2026-02,2026,2,Chinese Grand Prix,Liam Lawson,lawson,RB F1 Team,14,0.0,-1.4003444833319307,-0.06770485147536162,-5.012729793750194,-4.0629935,-3.5156154721462243,0.5097264870003724,-4.755678451552761,-3.1109347,-2.7096447012615306
2026-02,2026,2,Chinese Grand Prix,Charles Leclerc,leclerc,Ferrari,4,0.0,2.47549925066826,2.6736145209844953,-1.7388087993684211,0.33239374,0.48723366494488735,2.8459245328467233,-0.7111162187459522,0.80701625,1.083515307196197
2026-02,2026,2,Chinese Grand Prix,Max Verstappen,max_verstappen,Red Bull,8,0.0,0.6775968121904168,2.0883037333735426,-2.4755480771139466,1.038748,0.2505008386496769,2.597979920295093,-1.7187752143424788,1.5553763,0.8966903758241987
2026-02,2026,2,Chinese Grand Prix,Lando Norris,norris,McLaren,6,0.0,1.510269424306525,2.8709924755710516,-2.858307294330305,1.0901175,0.4240236742977448,3.7001461870148464,-1.5347654352323605,1.6050422,1.3886997371138479
2026-02,2026,2,Chinese Grand Prix,Esteban Ocon,ocon,Haas F1 Team,13,0.0,-1.0842683928639936,-0.7046750832414508,-5.5482867927539115,-3.914826,-3.909478087306306,-0.6990825519564055,-6.294910193772729,-4.061998,-4.0720766365849626
2026-02,2026,2,Chinese Grand Prix,Sergio Pérez,perez,Cadillac F1 Team,21,0.0,-3.4027758501677656,-1.96004748004536,-5.708856728710256,-10.006998,-6.7963212857214765,-1.527475019944238,-6.475498313772138,-7.4752684,-5.700853814592916
2026-02,2026,2,Chinese Grand Prix,Oscar Piastri,piastri,McLaren,5,0.0,1.9716099338407647,2.510705543486363,-3.8427573157762787,0.7940671,-0.20685319068970137,3.1588854959322035,-2.6664148208072826,1.2744536,0.6507830423273065
2026-02,2026,2,Chinese Grand Prix,George Russell,russell,Mercedes,2,0.0,3.6968099504315663,3.5449075550365268,-1.0346947285026633,1.4595139,1.5263457477120714,3.1672994254209166,-2.1410631514331038,1.1227318,0.791495126446624
2026-02,2026,2,Chinese Grand Prix,Carlos Sainz,sainz,Williams,17,0.0,-2.2980879104339,-0.7525106284915946,-5.68383267728349,-4.9272013,-4.36924229978126,-0.11567184547239297,-6.298614632359768,-3.1758657,-3.5321877258009797
2026-02,2026,2,Chinese Grand Prix,Lance Stroll,stroll,Aston Martin,20,0.0,-3.1349229891834076,-2.284984273594663,-5.7173152545826085,-9.74115,-6.82229292732477,-1.8482091650224504,-6.377505318941651,-7.846133,-5.919487248579012
2026-03,2026,3,Japanese Grand Prix,Alexander Albon,albon,Williams,17,0.0,-2.2980879104339,-1.5102785814178425,-5.720493927402195,-8.130513,-5.90635948192529,-1.003080660456899,-6.599090648992781,-6.990052,-5.374520879982002
2026-03,2026,3,Japanese Grand Prix,Fernando Alonso,alonso,Aston Martin,21,0.0,-3.4027758501677656,-1.6559491308429488,-5.628011077329527,-9.846195,-6.58648357444136,-0.6305394408961994,-6.035204651253345,-6.850432,-4.978197464382106
2026-03,2026,3,Japanese Grand Prix,Andrea Kimi Antonelli,antonelli,Mercedes,1,1.0,4.535407874971785,3.8691576592067625,-1.3748936757866785,1.9929802,1.725329376376615,2.694750562341399,-3.1732150662693717,0.8473563,0.13586803686359536
2026-03,2026,3,Japanese Grand Prix,Arvid Lindblad,arvid_lindblad,RB F1 Team,10,0.0,-0.07036443510254106,0.0020350223014756826,-5.324971934653464,-2.606006,-3.048650192277734,-0.09766399761110234,-5.792187300406378,-3.4781556,-3.450368522255289
2026-03,2026,3,Japanese Grand Prix,Oliver Bearman,bearman,Haas F1 Team,18,0.0,-2.5830295048455456,-0.9210678708853457,-5.506760338344918,-5.24784,-4.489252693739022,0.4766038618713566,-5.7074989376104766,-3.3324637,-3.154005327698914
2026-03,2026,3,Japanese Grand Prix,Gabriel Bortoleto,bortoleto,Audi,9,0.0,0.2948840369673291,-0.6311486590962595,-5.31106945287044,-4.8712754,-4.157749639691241,-0.9643245450064424,-5.646118841195375,-5.443421,-4.4396075125754715
2026-03,2026,3,Japanese Grand Prix,Valtteri Bottas,bottas,Cadillac F1 Team,20,0.0,-3.1349229891834076,-2.807903903074057,-5.708856728710256,-10.4264965,-7.283614705013605,-3.0593055853672855,-6.534120888459772,-8.853907,-6.794411881953947
2026-03,2026,3,Japanese Grand Prix,Franco Colapinto,colapinto,Alpine F1 Team,15,0.0,-1.70743939146875,-1.6437088980904255,-5.674929180761619,-5.763439,-5.030011976915911,-1.6279433741523626,-6.486883640860497,-5.241535,-4.9193357937143185
2026-03,2026,3,Japanese Grand Prix,Pierre Gasly,gasly,Alpine F1 Team,7,0.0,1.0811703292911579,-0.07866719538405807,-5.585475807384308,-2.6898925,-3.2120968223235966,-0.8287266822177937,-6.0690148641795885,-3.6582222,-3.887909709459279
2026-03,2026,3,Japanese Grand Prix,Isack Hadjar,hadjar,Red Bull,8,0.0,0.6775968121904168,0.4279257579732954,-5.0141581427194,-0.61937386,-2.0015370061621134,0.29821949558373345,-4.386666077880474,-0.12049701,-1.5502130413728061
2026-03,2026,3,Japanese Grand Prix,Lewis Hamilton,hamilton,Ferrari,6,0.0,1.510269424306525,1.6642307094209494,-4.250831235806522,-0.79977316,-1.3020485851676686,2.096900863442505,-2.6945905839892963,-0.16413593,-0.2805910882815861
2026-03,2026,3,Japanese Grand Prix,Nico Hülkenberg,hulkenberg,Audi,13,0.0,-1.0842683928639936,-1.1684455284039659,-5.451556206685484,-5.498278,-4.659435326477424,-0.9289824295320712,-5.895353645269735,-5.0743318,-4.382446484676403
2026-03,2026,3,Japanese Grand Prix,Liam Lawson,lawson,RB F1 Team,14,0.0,-1.4003444833319307,-0.3279496909235708,-5.083087148581494,-4.07388,-3.646916720357231,0.5095632669079313,-4.982830658880611,-2.7441258,-2.658267299281267
2026-03,2026,3,Japanese Grand Prix,Charles Leclerc,leclerc,Ferrari,4,0.0,2.47549925066826,2.7134877848065293,-2.6908757212791947,0.14166227,0.0631628943964943,3.1964625304822905,-0.8732846176901441,0.73075354,1.1248058479689427
2026-03,2026,3,Japanese Grand Prix,Max Verstappen,max_verstappen,Red Bull,11,0.0,-0.42071264090775734,1.68323284135841,-2.966510426479735,0.92632675,-0.13724632043658866,2.650121912301687,-2.1308522060000614,1.4291499,0.7176302947543206
2026-03,2026,3,Japanese Grand Prix,Lando Norris,norris,McLaren,5,0.0,1.9716099338407647,2.276763790682085,-2.845009165664669,0.85770243,0.11129520529032066,2.848012416153974,-0.9051060354156057,1.3138225,1.19949899157132
2026-03,2026,3,Japanese Grand Prix,Esteban Ocon,ocon,Haas F1 Team,12,0.0,-0.7581525820585773,-0.5192971360777215,-5.530434716153427,-4.1457586,-3.9201296721937235,-0.34231870408421555,-6.274278069711395,-4.103717,-3.9484420783177177
2026-03,2026,3,Japanese Grand Prix,Sergio Pérez,perez,Cadillac F1 Team,19,0.0,-2.861814478160287,-2.0338491053661314,-5.7173152545826085,-9.107932,-6.482262365451115,-1.8923031728311752,-6.52849458186974,-7.417618,-5.833510904114801
2026-03,2026,3,Japanese Grand Prix,Oscar Piastri,piastri,McLaren,3,0.0,3.0392885480057727,2.2809686772906046,-2.4509202598258355,0.7853321,0.2366116045904011,2.413825156050957,-2.3833251180167165,1.0253502,0.3888844772622828
2026-03,2026,3,Japanese Grand Prix,George Russell,russell,Mercedes,2,0.0,3.6968099504315663,3.673786983033662,-1.6238617100408954,1.521642,1.373254847349099,3.47480222396664,-2.199114839048725,1.262233,0.9347517307004984
2026-03,2026,3,Japanese Grand Prix,Carlos Sainz,sainz,Williams,16,0.0,-2.0064377661310093,-0.8840575827152276,-5.695542395887271,-5.75503,-4.742621227760513,-0.19631920143277032,-6.360980876121266,-4.225297,-3.9713819395174386
2026-03,2026,3,Japanese Grand Prix,Lance Stroll,stroll,Aston Martin,22,0.0,-3.6657443148868256,-2.4269162857948183,-5.7173152545826085,-11.927396,-7.717469025457372,-1.9176081869172972,-6.688034227902449,-9.555267,-6.688918136841051
2026-04,2026,4,Miami Grand Prix,Alexander Albon,albon,Williams,15,0.0,-1.70743939146875,-1.6594744551196257,-5.720493927402195,-7.875229,-5.865568857346811,-1.438627195630641,-6.632745415505165,-7.392843,-5.695687725070267
2026-04,2026,4,Miami Grand Prix,Fernando Alonso,alonso,Aston Martin,17,0.0,-2.2980879104339,-1.310362255793244,-5.688073473849435,-9.497081,-6.342467185612478,-1.2575725756239495,-6.304339712832489,-8.254516,-5.8254125562416545
2026-04,2026,4,Miami Grand Prix,Andrea Kimi Antonelli,antonelli,Mercedes,1,1.0,4.535407874971785,4.100444000970232,-1.9314704224190375,2.1967835,1.678618018830089,3.384593294524941,-2.4605297023574733,1.300454,0.8193210808767337
2026-04,2026,4,Miami Grand Prix,Arvid Lindblad,arvid_lindblad,RB F1 Team,16,0.0,-2.0064377661310093,-1.2472264284762251,-5.424086361974393,-4.5400343,-4.310722907651714,-0.3944219265189075,-5.553751017531912,-3.3435555,-3.4222740732798136
2026-04,2026,4,Miami Grand Prix,Oliver Bearman,bearman,Haas F1 Team,12,0.0,-0.7581525820585773,-0.08972153230406084,-5.666081346702117,-5.136078,-4.187889246917054,0.3251872307964949,-6.169268067609262,-5.0010004,-3.9943957440985574
2026-04,2026,4,Miami Grand Prix,Gabriel Bortoleto,bortoleto,Audi,21,0.0,-3.4027758501677656,-2.3290726795137284,-5.369338386082247,-8.413035,-6.194793613960466,-0.6261609850574509,-5.684987542103569,-4.6990204,-4.055199852311985
2026-04,2026,4,Miami Grand Prix,Valtteri Bottas,bottas,Cadillac F1 Team,19,0.0,-2.861814478160287,-3.0025863407181412,-5.696604519633629,-10.993326,-7.571702464075959,-3.4188819602079983,-6.369825819295512,-9.598669,-7.140643189605891
2026-04,2026,4,Miami Grand Prix,Franco Colapinto,colapinto,Alpine F1 Team,8,0.0,0.6775968121904168,-0.7016703900183905,-5.631210593760052,-3.9571495,-3.9564799676995674,-1.5628267151183355,-6.425401645801392,-5.1798196,-4.84997700793316
2026-04,2026,4,Miami Grand Prix,Pierre Gasly,gasly,Alpine F1 Team,9,0.0,0.2948840369673291,-0.20165003151619568,-5.585475807384308,-2.9020152,-3.340943695818285,-0.5950693422923912,-6.0021805442888745,-3.4108956,-3.686140545475312
2026-04,2026,4,Miami Grand Prix,Isack Hadjar,hadjar,Red Bull,22,0.0,-3.6657443148868256,-1.109245615565487,-5.060556133141217,-3.125085,-3.573850798392383,0.3083642970233849,-4.276676027644017,-0.084796086,-1.4928165361672805
2026-04,2026,4,Miami Grand Prix,Lewis Hamilton,hamilton,Ferrari,6,0.0,1.510269424306525,1.695618214664081,-4.239254825085212,-0.74956524,-1.2662243497659633,2.1509144911724856,-2.907298410367865,-0.021008361,-0.2863244955918265
2026-04,2026,4,Miami Grand Prix,Nico Hülkenberg,hulkenberg,Audi,10,0.0,-0.07036443510254106,-1.0816738776236743,-5.44358855612587,-5.3388753,-4.561718578112206,-0.5885878296802833,-6.067364466019916,-4.4771757,-4.1004874141450225
2026-04,2026,4,Miami Grand Prix,Liam Lawson,lawson,RB F1 Team,11,0.0,-0.42071264090775734,-0.1437882252078764,-5.177333236910034,-3.6581903,-3.452513279811244,0.3913502927728658,-4.953980904204519,-2.856892,-2.732714427707231
2026-04,2026,4,Miami Grand Prix,Charles Leclerc,leclerc,Ferrari,3,0.0,3.0392885480057727,2.885098813456107,-1.8172675152448157,0.14989159,0.46821009899265476,3.1931233870779927,-1.2218808851758747,0.6781429,0.9758058569973548
2026-04,2026,4,Miami Grand Prix,Max Verstappen,max_verstappen,Red Bull,2,0.0,3.6968099504315663,3.2694676647804806,-2.08106025720231,1.7960978,1.1475315746748538,2.4727544735101943,-2.5958116033431433,1.243243,0.4125801816702436
2026-04,2026,4,Miami Grand Prix,Lando Norris,norris,McLaren,4,0.0,2.47549925066826,3.120200084360338,-1.403105692335428,1.2031155,1.1228102585128361,3.5899389060195244,-0.7114163893272168,1.5268672,1.6225668899522647
2026-04,2026,4,Miami Grand Prix,Esteban Ocon,ocon,Haas F1 Team,14,0.0,-1.4003444833319307,-0.7241457223817112,-5.677553636310518,-5.182916,-4.4542432889632195,-0.5211214054761754,-6.229292220376663,-5.1173143,-4.371050895746782
2026-04,2026,4,Miami Grand Prix,Sergio Pérez,perez,Cadillac F1 Team,20,0.0,-3.1349229891834076,-2.4892308221305437,-5.679911050400026,-9.584249,-6.826115200469823,-2.4018933205261677,-6.245126344332368,-7.892343,-6.09167958693484
2026-04,2026,4,Miami Grand Prix,Oscar Piastri,piastri,McLaren,7,0.0,1.0811703292911579,2.5710725838767443,-2.9586920801450516,0.9120205,0.20163031452126093,3.350572369447291,-2.0311477942592493,1.3889284,0.9975244454627439
2026-04,2026,4,Miami Grand Prix,George Russell,russell,Mercedes,5,0.0,1.9716099338407647,2.7712954678861887,-2.8707905305034758,0.55825067,0.1763898907197374,3.7719879370876397,-1.328644982758098,1.3572773,1.3998218111883902
2026-04,2026,4,Miami Grand Prix,Carlos Sainz,sainz,Williams,13,0.0,-1.0842683928639936,-0.8296183804175984,-5.670390400781315,-5.0498514,-4.440879990894917,-0.6639868671165898,-6.0504347236634235,-4.7302256,-4.215224290844581
2026-04,2026,4,Miami Grand Prix,Lance Stroll,stroll,Aston Martin,18,0.0,-2.5830295048455456,-1.9817563258844546,-5.696531999721788,-11.705843,-7.4531292447095545,-2.2733226235584247,-6.590962645505054,-10.828814,-7.253244892603318
2026-05,2026,5,Canadian Grand Prix,Alexander Albon,albon,Williams,18,0.0,-2.5830295048455456,-1.6377661375974146,-5.744432213632553,-8.353845,-6.050452322787128,-0.8523020498329313,-6.578504096570913,-6.759431,-5.226463605645499
2026-05,2026,5,Canadian Grand Prix,Fernando Alonso,alonso,Aston Martin,19,0.0,-2.861814478160287,-2.133473158986235,-5.723960925607058,-9.689711,-6.746814460267852,-1.7421891982968705,-6.4249177140833185,-7.6492004,-5.825368143272488
2026-05,2026,5,Canadian Grand Prix,Andrea Kimi Antonelli,antonelli,Mercedes,2,1.0,3.6968099504315663,3.631307460988859,-2.104705100124451,1.6033655,1.2034614779881232,3.5014575560956795,-2.5405520715597634,1.4017733,0.8702077933547561
2026-05,2026,5,Canadian Grand Prix,Arvid Lindblad,arvid_lindblad,RB F1 Team,9,0.0,0.2948840369673291,-0.2030274551201353,-5.6064259892567705,-3.2171524,-3.4706976880856786,-0.8923535225617321,-6.098478396719999,-4.9243593,-4.388532287060841
2026-05,2026,5,Canadian Grand Prix,Oliver Bearman,bearman,Haas F1 Team,16,0.0,-2.0064377661310093,-0.9083318149061078,-5.690043274382524,-6.104963,-4.884388052656756,0.1316000810885312,-5.986111379182824,-4.552684,-3.833116138484473
2026-05,2026,5,Canadian Grand Prix,Gabriel Bortoleto,bortoleto,Audi,13,0.0,-1.0842683928639936,-1.0475229858790098,-5.675821264772809,-6.5212603,-5.092503125873702,-1.2041596826915706,-6.480685583479908,-6.502463,-5.22538485003949
2026-05,2026,5,Canadian Grand Prix,Valtteri Bottas,bottas,Cadillac F1 Team,21,0.0,-3.4027758501677656,-3.5284322970270314,-5.69541445220808,-11.231905,-7.8651634743263195,-3.849843987415952,-6.183519121522778,-9.661884,-7.2540362502754405
2026-05,2026,5,Canadian Grand Prix,Franco Colapinto,colapinto,Alpine F1 Team,10,0.0,-0.07036443510254106,-0.7128125285450349,-5.425270779536352,-4.2277246,-3.985616096115449,-1.264765002224919,-6.189589234272407,-4.87802,-4.542186573748168
2026-05,2026,5,Canadian Grand Prix,Pierre Gasly,gasly,Alpine F1 Team,14,0.0,-1.4003444833319307,-1.134078289736986,-5.424604253780431,-4.890683,-4.402240221877168,-0.45536943454707723,-5.493666169806841,-3.4105277,-3.4472586256114766
2026-05,2026,5,Canadian Grand Prix,Isack Hadjar,hadjar,Red Bull,7,0.0,1.0811703292911579,0.1293642499880443,-5.211775868797438,-1.6190472,-2.576686965068464,0.22633679789869443,-4.714713273891864,-1.2299684,-2.1061467445287634
2026-05,2026,5,Canadian Grand Prix,Lewis Hamilton,hamilton,Ferrari,5,0.0,1.9716099338407647,1.7291767151227129,-3.7136791161364218,-0.8292743,-1.081887089625106,2.1114105746244,-2.717797678948701,-0.19822703,-0.2963506878717439
2026-05,2026,5,Canadian Grand Prix,Nico Hülkenberg,hulkenberg,Audi,11,0.0,-0.42071264090775734,-0.8253922359607333,-5.640263286406153,-5.661719,-4.662932126021454,-0.8931938741651313,-6.232651724938873,-5.6306467,-4.698395285247764
2026-05,2026,5,Canadian Grand Prix,Liam Lawson,lawson,RB F1 Team,12,0.0,-0.7581525820585773,-0.0897431237864511,-5.38040168361652,-4.551229,-3.8531824331375226,0.2889545204951817,-5.79600778362606,-4.220185,-3.5826784022346874
2026-05,2026,5,Canadian Grand Prix,Charles Leclerc,leclerc,Ferrari,8,0.0,0.6775968121904168,2.152548275212175,-3.5054526941508106,-0.35631382,-0.6571883094194688,3.1414661182111625,-1.040240194659778,0.69097716,1.0284076117315597
2026-05,2026,5,Canadian Grand Prix,Max Verstappen,max_verstappen,Red Bull,6,0.0,1.510269424306525,2.3478078865276766,-3.1333770914313157,1.1098101,0.12466947133948998,2.4589682480889725,-2.585729117767269,1.3216337,0.44008844454764773
2026-05,2026,5,Canadian Grand Prix,Lando Norris,norris,McLaren,3,0.0,3.0392885480057727,3.7558717393176697,-0.7159935000815054,1.4753767,1.736099405560443,4.252853046315071,-0.004063042875073092,1.7770077,2.2193859282586583
2026-05,2026,5,Canadian Grand Prix,Esteban Ocon,ocon,Haas F1 Team,17,0.0,-2.2980879104339,-1.2671225203227128,-5.713717652191033,-5.933912,-4.965676002733716,-0.6974078527024273,-6.472661848233412,-4.893776,-4.443283790484575
2026-05,2026,5,Canadian Grand Prix,Sergio Pérez,perez,Cadillac F1 Team,20,0.0,-3.1349229891834076,-2.5076061393911107,-5.7412771822630155,-10.159677,-7.078025516898686,-2.656473624120778,-6.532012927486883,-8.876513,-6.653592890080209
2026-05,2026,5,Canadian Grand Prix,Oscar Piastri,piastri,McLaren,4,0.0,2.47549925066826,3.2527110616556603,-2.5732568378677927,1.0623081,0.6697013816443054,3.8892430019508537,-1.1764206150812324,1.4465106,1.531940741178687
2026-05,2026,5,Canadian Grand Prix,George Russell,russell,Mercedes,1,0.0,4.535407874971785,4.382047760540203,-0.745369585564568,2.2230897,2.25305981520007,3.6358320963117388,-1.860276637601147,1.3039042,1.1342082354671503
2026-05,2026,5,Canadian Grand Prix,Carlos Sainz,sainz,Williams,15,0.0,-1.70743939146875,-0.5753543665680979,-5.698207571974076,-5.1654997,-4.398278335342042,-0.12334846256701595,-6.140447200524683,-4.181257,-3.8470595159385446
2026-05,2026,5,Canadian Grand Prix,Lance Stroll,stroll,Aston Martin,22,0.0,-3.6657443148868256,-2.6586435686924124,-5.744671660556037,-11.490652,-7.649159371826354,-2.7486796013585613,-6.594910127829704,-9.903605,-7.089012322207837
2026-06,2026,6,Monaco Grand Prix,Alexander Albon,albon,Williams,11,0.0,-0.42071264090775734,-0.519827335565708,-5.723888405695217,-6.666232,-4.96382883476659,-0.7249697014560852,-6.544205616527528,-6.8777404,-5.21050775112701
2026-06,2026,6,Monaco Grand Prix,Fernando Alonso,alonso,Aston Martin,21,0.0,-3.4027758501677656,-2.0375574724116747,-5.703177670746237,-11.211195,-7.286949441650406,-1.3966178540846093,-6.383923998346234,-8.48071,-5.9892474631472075
2026-06,2026,6,Monaco Grand Prix,Andrea Kimi Antonelli,antonelli,Mercedes,1,1.0,4.535407874971785,4.745610566185682,-0.38756326109506617,2.7179601,2.7206995795147098,3.9653601917501886,-1.8536095000932393,1.9191214,1.4846268007072123
2026-06,2026,6,Monaco Grand Prix,Arvid Lindblad,arvid_lindblad,RB F1 Team,15,0.0,-1.70743939146875,-1.0207962246758484,-5.581325815041544,-4.882227,-4.415691162709695,-0.42786143001161836,-5.861788168108732,-3.7686896,-3.7046276115139665
2026-06,2026,6,Monaco Grand Prix,Oliver Bearman,bearman,Haas F1 Team,19,0.0,-2.861814478160287,-1.191580506936511,-5.71625313083625,-7.3054633,-5.464961908795172,0.19955307498916522,-6.030824218386984,-4.798247,-3.9150007761511074
2026-06,2026,6,Monaco Grand Prix,Gabriel Bortoleto,bortoleto,Audi,16,0.0,-2.0064377661310093,-1.3976976016548748,-5.720566447314036,-7.0864487,-5.461661301705075,-0.8552548992787702,-6.508659179938725,-5.593052,-4.772232559114761
2026-06,2026,6,Monaco Grand Prix,Valtteri Bottas,bottas,Cadillac F1 Team,20,0.0,-3.1349229891834076,-3.146932950782528,-5.696604519633629,-11.431801,-7.795795158743118,-3.586740710174287,-6.347120463614918,-10.213547,-7.420573316831732
2026-06,2026,6,Monaco Grand Prix,Franco Colapinto,colapinto,Alpine F1 Team,14,0.0,-1.4003444833319307,-0.9003174937976969,-5.645670710153128,-4.7086873,-4.327382532228903,-0.5799701404337327,-6.321655611108734,-3.9764342,-4.006542277671768
2026-06,2026,6,Monaco Grand Prix,Pierre Gasly,gasly,Alpine F1 Team,9,0.0,0.2948840369673291,0.10654418409032725,-5.5698192194707,-2.5828516,-3.093706969526342,0.053409542498778495,-5.712972845409089,-2.5998776,-3.0420680897809613
2026-06,2026,6,Monaco Grand Prix,Isack Hadjar,hadjar,Red Bull,5,0.0,1.9716099338407647,1.4061752210949614,-4.7419718779919195,-0.09151218,-1.3177880059442986,1.0438521241787155,-4.386628616595955,0.073259845,-1.2042089026150173
2026-06,2026,6,Monaco Grand Prix,Lewis Hamilton,hamilton,Ferrari,3,0.0,3.0392885480057727,2.427161871063307,-2.2343674866358163,-0.47752112,-0.10947641337550877,2.611414055147148,-2.384000307872792,0.051529158,0.10273858982929171
2026-06,2026,6,Monaco Grand Prix,Nico Hülkenberg,hulkenberg,Audi,13,0.0,-1.0842683928639936,-0.7393393410985174,-5.651973005009934,-5.9072585,-4.728756564522745,-0.44737551958099964,-6.20375058045961,-4.929534,-4.265319753974849
2026-06,2026,6,Monaco Grand Prix,Liam Lawson,lawson,RB F1 Team,10,0.0,-0.07036443510254106,-0.16120704420296483,-5.557567010394074,-3.3055186,-3.4698083018177774,0.030324068249068553,-6.197793118420641,-2.9374244,-3.3534601469737457
2026-06,2026,6,Monaco Grand Prix,Charles Leclerc,leclerc,Ferrari,4,0.0,2.47549925066826,2.8811495116898627,-2.6008061622818848,0.12169578,0.15458260891078182,3.4958653858134423,-1.2701451788537221,0.8287689,1.1250112427722125
2026-06,2026,6,Monaco Grand Prix,Max Verstappen,max_verstappen,Red Bull,2,0.0,3.6968099504315663,4.06496311566062,-0.9699561192406781,2.025044,1.9686413058648975,3.238796831631377,-2.059874848335409,1.4792916,0.9790573829000533
2026-06,2026,6,Monaco Grand Prix,Lando Norris,norris,McLaren,8,0.0,0.6775968121904168,2.4911288501374256,-3.235638491991716,0.8014992,0.02191227690858769,3.7547163800891132,-1.8157698942299034,1.4120706,1.2342266707129852
2026-06,2026,6,Monaco Grand Prix,Esteban Ocon,ocon,Haas F1 Team,17,0.0,-2.2980879104339,-1.381761490349317,-5.739927508644759,-6.7977715,-5.351982824507485,-0.6520270072095685,-6.540125985063322,-5.217669,-4.5707117438059095
2026-06,2026,6,Monaco Grand Prix,Sergio Pérez,perez,Cadillac F1 Team,18,0.0,-2.5830295048455456,-2.2239009491707162,-5.7173152545826085,-10.164917,-6.961743539640483,-2.3874203596907453,-6.481554974425074,-9.08906,-6.61419657774944
2026-06,2026,6,Monaco Grand Prix,Oscar Piastri,piastri,McLaren,7,0.0,1.0811703292911579,2.4405690552243695,-3.8199488190836948,0.71359724,-0.2559910030266179,3.4359067029939228,-1.6485801820334844,1.2414284,1.1155329681985222
2026-06,2026,6,Monaco Grand Prix,George Russell,russell,Mercedes,6,0.0,1.510269424306525,2.5142477638450607,-3.7710999431657433,0.5934815,-0.2550636639485248,3.7059705446723457,-2.00673783565916,1.4683634,1.1666701385237037
2026-06,2026,6,Monaco Grand Prix,Carlos Sainz,sainz,Williams,12,0.0,-0.7581525820585773,-0.28402779298743447,-5.682243404946689,-4.571988,-4.051923060142581,-0.06933852859805174,-5.746905228814688,-4.2803545,-3.718718948406655
2026-06,2026,6,Monaco Grand Prix,Lance Stroll,stroll,Aston Martin,22,0.0,-3.6657443148868256,-2.6963394068460484,-5.744671660556037,-13.211662,-8.325375564612665,-2.455446529544175,-6.599476413462157,-10.888754,-7.3455362939077
2026-07,2026,7,Barcelona Grand Prix,Alexander Albon,albon,Williams,18,0.0,-2.5830295048455456,-1.2286245769436455,-5.723888405695217,-8.732427,-6.030803260384127,-0.38068576879874594,-6.526323200242413,-6.9415755,-5.100628178195968
2026-07,2026,7,Barcelona Grand Prix,Fernando Alonso,alonso,Aston Martin,22,0.0,-3.6657443148868256,-2.179315391484469,-5.703177670746237,-11.88558,-7.60075350603501,-1.5493194516359203,-6.439979184337506,-8.756308,-6.167641975340909
2026-07,2026,7,Barcelona Grand Prix,Andrea Kimi Antonelli,antonelli,Mercedes,3,0.0,3.0392885480057727,3.3760494538328474,-1.907858619626715,1.4730705,1.130904477841546,4.035615641107557,-2.0679507884154456,2.0714028,1.4876453422504041
2026-07,2026,7,Barcelona Grand Prix,Arvid Lindblad,arvid_lindblad,RB F1 Team,11,0.0,-0.42071264090775734,0.02090935831995854,-5.693814012903688,-3.4195163,-3.496003388977513,0.12137089344104045,-6.225430399873192,-3.9226558,-3.6929800837754314
2026-07,2026,7,Barcelona Grand Prix,Oliver Bearman,bearman,Haas F1 Team,15,0.0,-1.70743939146875,-0.6078325860753842,-5.744671660556037,-6.9494843,-5.114567100714583,-0.003022944213623792,-6.605130993948938,-6.092089,-4.677677918387158
2026-07,2026,7,Barcelona Grand Prix,Gabriel Bortoleto,bortoleto,Audi,12,0.0,-0.7581525820585773,-0.7994608777738909,-5.7412771822630155,-5.4685965,-4.617546225612495,-0.9518908924213578,-6.655463030103136,-5.6347246,-4.877243515752894
2026-07,2026,7,Barcelona Grand Prix,Valtteri Bottas,bottas,Cadillac F1 Team,20,0.0,-3.1349229891834076,-3.055618282962229,-5.708856728710256,-11.582934,-7.823506231010859,-3.481671657451959,-6.508464873152752,-10.398627,-7.509468079232957
2026-07,2026,7,Barcelona Grand Prix,Franco Colapinto,colapinto,Alpine F1 Team,13,0.0,-1.0842683928639936,-0.8143269537621948,-5.686324495602322,-4.434565,-4.204551690609747,-0.7319998186539023,-6.327712384698525,-3.996561,-4.0721807286039535
2026-07,2026,7,Barcelona Grand Prix,Pierre Gasly,gasly,Alpine F1 Team,14,0.0,-1.4003444833319307,-0.5762842503178707,-5.641939382844834,-3.7948341,-3.849984946473638,0.04366648950675295,-5.807398045892816,-2.4405816,-3.021763753274175
2026-07,2026,7,Barcelona Grand Prix,Isack Hadjar,hadjar,Red Bull,6,0.0,1.510269424306525,1.374281325249643,-4.805782680024052,-0.026565319,-1.3296142839977092,1.2229171673308743,-4.488961178821453,0.19239168,-1.1320693246967612
2026-07,2026,7,Barcelona Grand Prix,Lewis Hamilton,hamilton,Ferrari,2,1.0,3.6968099504315663,3.275210918728167,-1.2289905928996196,1.0153662,1.177169082052876,2.7376332175337144,-2.0866851529533124,0.20137486,0.3139225037887285
2026-07,2026,7,Barcelona Grand Prix,Nico Hülkenberg,hulkenberg,Audi,9,0.0,0.2948840369673291,-0.13848606328714738,-5.6518238088857045,-4.3276405,-3.890315790150054,-0.5410135302000685,-6.257054172275869,-4.9031267,-4.309714251936431
2026-07,2026,7,Barcelona Grand Prix,Liam Lawson,lawson,RB F1 Team,8,0.0,0.6775968121904168,0.7001826208738546,-5.637273462675464,-2.4057317,-2.823289030673795,0.729154519028316,-6.175622612186373,-2.7592533,-3.0222824278861427
2026-07,2026,7,Barcelona Grand Prix,Charles Leclerc,leclerc,Ferrari,10,0.0,-0.07036443510254106,1.9586565725287928,-3.728735063619005,-0.40522838,-0.8363977204586639,3.4279218100626156,-0.5867328584388063,0.8661044,1.3654482204798282
2026-07,2026,7,Barcelona Grand Prix,Max Verstappen,max_verstappen,Red Bull,5,0.0,1.9716099338407647,2.816487930715461,-2.838651372621199,1.2211053,0.4609888761584486,3.0226318641181127,-2.834653090695491,1.3511168,0.5668705081617252
2026-07,2026,7,Barcelona Grand Prix,Lando Norris,norris,McLaren,4,0.0,2.47549925066826,3.2563536038439875,-2.450572708577906,1.3494631,0.8286836197565036,3.870345410252994,-2.1752871410830714,1.560393,1.1990284174812926
2026-07,2026,7,Barcelona Grand Prix,Esteban Ocon,ocon,Haas F1 Team,17,0.0,-2.2980879104339,-1.3614992877718743,-5.74332198693778,-7.0113306,-5.42760997539076,-0.8808034788631327,-6.610841031795268,-6.1587234,-5.027622208890157
2026-07,2026,7,Barcelona Grand Prix,Sergio Pérez,perez,Cadillac F1 Team,19,0.0,-2.861814478160287,-2.3536012432294546,-5.679911050400026,-10.369324,-7.075824717259398,-2.449958699492756,-6.2145835239674545,-9.178972,-6.572016996890629
2026-07,2026,7,Barcelona Grand Prix,Oscar Piastri,piastri,McLaren,7,0.0,1.0811703292911579,2.607839878062991,-3.6104769472100786,0.94068146,-0.023821711368461142,3.5829518275185968,-1.1694477279514803,1.328183,1.3781159323094452
2026-07,2026,7,Barcelona Grand Prix,George Russell,russell,Mercedes,1,0.0,4.535407874971785,4.186469777059283,-0.9853944346915611,2.2814646,2.108017015532345,3.3685745292784324,-2.4868063444237225,1.3425487,0.8192471603127491
2026-07,2026,7,Barcelona Grand Prix,Carlos Sainz,sainz,Williams,16,0.0,-2.0064377661310093,-0.6863373429277502,-5.682243404946689,-6.1400385,-4.809519416916379,0.1492176929287293,-6.059302171154391,-4.525275,-3.8434895489822294
2026-07,2026,7,Barcelona Grand Prix,Lance Stroll,stroll,Aston Martin,21,0.0,-3.4027758501677656,-2.582764953539142,-5.723888405695217,-13.259814,-8.29222976617501,-2.559513512804906,-6.537584993480796,-10.982687,-7.395667028301695
2026-08,2026,8,Austrian Grand Prix,Alexander Albon,albon,Williams,18,0.0,-2.5830295048455456,-1.443590449366989,-5.723888405695217,-8.530203,-6.035702550263833,-0.7296785968653492,-6.626951815345553,-6.7822022,-5.207530652081589
2026-08,2026,8,Austrian Grand Prix,Fernando Alonso,alonso,Aston Martin,21,0.0,-3.4027758501677656,-1.9935484828082286,-5.703177670746237,-12.897049,-7.918232967461021,-1.5980233104478536,-6.5091448052719505,-9.996997,-6.668018247124545
2026-08,2026,8,Austrian Grand Prix,Andrea Kimi Antonelli,antonelli,Mercedes,4,0.0,2.47549925066826,3.2925994778192123,-2.8092709101696007,1.3814839,0.7170137375886482,4.001173107175733,-2.2945355832515304,1.9508467,1.3471028000305179
2026-08,2026,8,Austrian Grand Prix,Arvid Lindblad,arvid_lindblad,RB F1 Team,10,0.0,-0.07036443510254106,0.25222646120955494,-5.5836704496330265,-2.245608,-2.9133494598249543,0.30430780894377363,-5.887293209191611,-2.7003574,-3.0508715094673513
2026-08,2026,8,Austrian Grand Prix,Oliver Bearman,bearman,Haas F1 Team,13,0.0,-1.0842683928639936,-0.3623955974970186,-5.723888405695217,-6.0763016,-4.676470710557202,-0.059510186312975236,-6.630343972755391,-5.6940713,-4.561173680534412
2026-08,2026,8,Austrian Grand Prix,Gabriel Bortoleto,bortoleto,Audi,12,0.0,-0.7581525820585773,-0.6047724567647056,-5.7173152545826085,-5.0855117,-4.3861812202993296,-0.6292263555774893,-6.646630295092971,-5.0634627,-4.544744639531026
2026-08,2026,8,Austrian Grand Prix,Valtteri Bottas,bottas,Cadillac F1 Team,20,0.0,-3.1349229891834076,-2.8535476794525287,-5.671452524527673,-11.66011,-7.761102955340249,-3.15008922736608,-6.1488400518532424,-10.117592,-7.151377446664265
2026-08,2026,8,Austrian Grand Prix,Franco Colapinto,colapinto,Alpine F1 Team,16,0.0,-2.0064377661310093,-0.9861156450508913,-5.71687268356057,-4.842122,-4.439053712765011,-0.32247579182257113,-6.390601746963497,-3.5738857,-3.788833037212562
2026-08,2026,8,Austrian Grand Prix,Pierre Gasly,gasly,Alpine F1 Team,11,0.0,-0.42071264090775734,0.10509305883381112,-5.672487570803082,-2.7029052,-3.179900689724841,0.4631301029868111,-5.974777861864779,-2.2091203,-2.8436673072569425
2026-08,2026,8,Austrian Grand Prix,Isack Hadjar,hadjar,Red Bull,8,0.0,0.6775968121904168,1.6223136024828038,-4.694351816807115,-0.07903342,-1.2115757877318716,2.1432104671795345,-4.055512712816724,0.5162834,-0.5141733510359696
2026-08,2026,8,Austrian Grand Prix,Lewis Hamilton,hamilton,Ferrari,3,0.0,3.0392885480057727,2.6875217318575757,-2.038719177608161,0.46813226,0.42945744546779296,3.004367943874061,-2.3708575637658247,0.70851076,0.4942852337683456
2026-08,2026,8,Austrian Grand Prix,Nico Hülkenberg,hulkenberg,Audi,14,0.0,-1.4003444833319307,-0.5837799088742391,-5.628011077329527,-5.6280336,-4.552370276747392,-0.11270327375886732,-6.179246215636622,-4.5113115,-3.9789927694320033
2026-08,2026,8,Austrian Grand Prix,Liam Lawson,lawson,RB F1 Team,9,0.0,0.2948840369673291,0.6178534529516717,-5.595922658709653,-1.652661,-2.549492066374709,0.9098076905697674,-6.194734776071245,-1.5645199,-2.522747521093794
2026-08,2026,8,Austrian Grand Prix,Charles Leclerc,leclerc,Ferrari,2,0.0,3.6968099504315663,3.5569705233763336,-1.6806853395249461,1.4776742,1.2895854205394677,3.289602853905286,-2.3930688298745943,0.8798846,0.6542799298895292
2026-08,2026,8,Austrian Grand Prix,Max Verstappen,max_verstappen,Red Bull,5,0.0,1.9716099338407647,3.27121470116244,-2.6010835837871658,1.3478336,0.7759002386131006,3.829515838250747,-1.3104760111247014,1.5756347,1.5081261460905488
2026-08,2026,8,Austrian Grand Prix,Lando Norris,norris,McLaren,6,0.0,1.510269424306525,3.1163048153449098,-3.0485945681675717,1.1022489,0.44984511578013503,4.167087260914262,-1.3668947200759196,1.4980044,1.583086316437404
2026-08,2026,8,Austrian Grand Prix,Esteban Ocon,ocon,Haas F1 Team,15,0.0,-1.70743939146875,-1.1144640513048132,-5.74332198693778,-6.2163253,-5.02694910296795,-1.0321792830482392,-6.6457944919416665,-5.9867287,-5.032901835377169
2026-08,2026,8,Austrian Grand Prix,Sergio Pérez,perez,Cadillac F1 Team,19,0.0,-2.861814478160287,-2.201160660850765,-5.7173152545826085,-10.435274,-7.056951331544381,-2.254621086043585,-6.487948804148266,-8.996954,-6.533715793428412
2026-08,2026,8,Austrian Grand Prix,Oscar Piastri,piastri,McLaren,7,0.0,1.0811703292911579,2.757191033379298,-3.4988300660019913,0.8243679,0.031808946629044266,3.8286827347173555,-1.1123107010310083,1.3119328,1.483681250013432
2026-08,2026,8,Austrian Grand Prix,George Russell,russell,Mercedes,1,1.0,4.535407874971785,4.451867748489937,-1.1182990946955338,2.3768325,2.1956288406767737,3.533581458016622,-2.2971195390304797,1.3771558,0.9626321080070107
2026-08,2026,8,Austrian Grand Prix,Carlos Sainz,sainz,Williams,17,0.0,-2.2980879104339,-0.9016949287569641,-5.744671660556037,-6.53974,-5.070010916393704,-0.033624723494774564,-6.617602305813203,-4.625992,-4.153558095174802
2026-08,2026,8,Austrian Grand Prix,Lance Stroll,stroll,Aston Martin,22,0.0,-3.6657443148868256,-2.639880848043763,-5.723888405695217,-14.67236,-8.857309575741263,-2.55857862192083,-6.597198522276408,-12.017856,-7.798546347086116
2026-09,2026,9,British Grand Prix,Alexander Albon,albon,Williams,16,0.0,-2.0064377661310093,-1.559109141200304,-5.744671660556037,-8.177349,-5.952439145783099,-1.3295039196472436,-6.686945280695426,-7.31007,-5.6449723017695215
2026-09,2026,9,British Grand Prix,Fernando Alonso,alonso,Aston Martin,21,0.0,-3.4027758501677656,-2.4374401694333687,-5.715429879822864,-12.966196,-8.120205482834619,-2.4180599699950593,-6.483567571430814,-10.446114,-7.126044803207853
2026-09,2026,9,British Grand Prix,Andrea Kimi Antonelli,antonelli,Mercedes,1,0.0,4.535407874971785,4.997782148482752,-0.5308154296087536,2.8208327,2.802132856184381,4.183789311728693,-1.8846916445450468,2.03004,1.5944822165526384
2026-09,2026,9,British Grand Prix,Arvid Lindblad,arvid_lindblad,RB F1 Team,9,0.0,0.2948840369673291,0.6747506977938121,-5.543016664183833,-2.0723739,-2.6686512243348535,1.025785571954214,-5.7667252983600905,-2.0824192,-2.5131389132410114
2026-09,2026,9,British Grand Prix,Oliver Bearman,bearman,Haas F1 Team,13,0.0,-1.0842683928639936,-0.5146754668516879,-5.723888405695217,-6.906212,-5.0541193140043355,-0.07264691585509608,-6.629827167900513,-6.165847,-4.739583330651503
2026-09,2026,9,British Grand Prix,Gabriel Bortoleto,bortoleto,Audi,11,0.0,-0.42071264090775734,-0.40481741806619387,-5.744671660556037,-4.7834935,-4.20369275665518,-0.4611150941954282,-6.580777592664833,-4.937808,-4.412292035630188
2026-09,2026,9,British Grand Prix,Valtteri Bottas,bottas,Cadillac F1 Team,18,0.0,-2.5830295048455456,-2.4958061559306834,-5.715429879822864,-11.940977,-7.748453966680068,-3.155602529108428,-6.3580239641853105,-11.1769905,-7.620644848940447
2026-09,2026,9,British Grand Prix,Franco Colapinto,colapinto,Alpine F1 Team,19,0.0,-2.861814478160287,-1.2584561292057204,-5.743082540014297,-6.2311296,-5.087913700891052,-0.5072821535138873,-6.48535673486296,-4.5714126,-4.259202570825956
2026-09,2026,9,British Grand Prix,Pierre Gasly,gasly,Alpine F1 Team,15,0.0,-1.70743939146875,-0.2565761651876127,-5.698697427256809,-3.983068,-3.821256838942531,0.27953971678752604,-6.070334064805523,-2.949884,-3.219314578576626
2026-09,2026,9,British Grand Prix,Isack Hadjar,hadjar,Red Bull,5,0.0,1.9716099338407647,1.9882861171001678,-4.111108259270254,0.17726938,-0.7480580859977508,2.26910089654305,-2.96739259072734,0.5759995,-0.04504193335623971
2026-09,2026,9,British Grand Prix,Lewis Hamilton,hamilton,Ferrari,3,0.0,3.0392885480057727,2.6965748305959214,-1.5676716838667777,0.23726325,0.5252860986536256,2.9964625802865386,-2.240967941635653,0.5833708,0.49312294765348946
2026-09,2026,9,British Grand Prix,Nico Hülkenberg,hulkenberg,Audi,12,0.0,-0.7581525820585773,-0.541020939516686,-5.715429879822864,-4.8235884,-4.260235491448288,-0.1491490087296001,-6.2366470301285455,-4.0892415,-3.858103452862802
2026-09,2026,9,British Grand Prix,Liam Lawson,lawson,RB F1 Team,10,0.0,-0.07036443510254106,0.8508087393346351,-5.543016664183833,-2.1956234,-2.6483465405813718,1.339851259350271,-5.633093686169508,-1.8999866,-2.2810532457584762
2026-09,2026,9,British Grand Prix,Charles Leclerc,leclerc,Ferrari,2,1.0,3.6968099504315663,3.4901980761391793,-2.8810958129918824,1.4055474,0.7746255917347741,3.338281923957377,-2.9756482742140107,0.8920332,0.4621114301193511
2026-09,2026,9,British Grand Prix,Max Verstappen,max_verstappen,Red Bull,7,0.0,1.0811703292911579,3.065388011132067,-2.5583857605668148,1.1740042,0.6463409746645988,3.937381484210506,-1.0247195070653374,1.5621059,1.6481198566619764
2026-09,2026,9,British Grand Prix,Lando Norris,norris,McLaren,6,0.0,1.510269424306525,3.1116981969494932,-3.029054072846173,0.99836385,0.4156437056981078,4.07656198487332,-1.6116094930918163,1.3898748,1.419787039837701
2026-09,2026,9,British Grand Prix,Esteban Ocon,ocon,Haas F1 Team,17,0.0,-2.2980879104339,-1.3938280061088355,-5.74332198693778,-7.282373,-5.544255066369052,-1.0561121583182835,-6.6452776870867885,-6.5112357,-5.234709614831897
2026-09,2026,9,British Grand Prix,Sergio Pérez,perez,Cadillac F1 Team,20,0.0,-3.1349229891834076,-2.282806414119526,-5.723888405695217,-11.6414,-7.554622405870091,-2.2863814880286393,-6.413659712671025,-10.22484,-6.970299613293051
2026-09,2026,9,British Grand Prix,Oscar Piastri,piastri,McLaren,8,0.0,0.6775968121904168,2.523155063990513,-3.264457601548188,0.46747622,-0.10528524141508408,3.7591489339992674,-0.8388924426834958,1.1656053,1.5048802875458434
2026-09,2026,9,British Grand Prix,George Russell,russell,Mercedes,4,0.0,2.47549925066826,3.1666551622840617,-2.698535557085019,1.1012815,0.6034291282413818,3.9437764117006013,-1.8885593438533665,1.7579406,1.404439544617608
2026-09,2026,9,British Grand Prix,Carlos Sainz,sainz,Williams,14,0.0,-1.4003444833319307,-0.8761515429344108,-5.744671660556037,-6.6913285,-5.118474789475798,-0.457728935578364,-6.540159102060627,-5.5284233,-4.613616405530039
2026-09,2026,9,British Grand Prix,Lance Stroll,stroll,Aston Martin,22,0.0,-3.6657443148868256,-2.786331802314612,-5.723888405695217,-14.463823,-8.83343767380582,-3.0859547998337824,-6.618341601501842,-12.465254,-8.16535672930484
2026-10,2026,10,Belgian Grand Prix,Alexander Albon,albon,Williams,15,0.0,-1.70743939146875,-1.4846114878733916,-5.723888405695217,-8.273829,-5.952900334399346,-1.3815121617263988,-6.607715560438884,-7.5438337,-5.7210447010960515
2026-10,2026,10,Belgian Grand Prix,Fernando Alonso,alonso,Aston Martin,22,0.0,-3.6657443148868256,-2.6743379017681432,-5.723888405695217,-13.220813,-8.31244331375394,-2.7549750142315808,-6.617924091464108,-10.950282,-7.485313083120851
2026-10,2026,10,Belgian Grand Prix,Andrea Kimi Antonelli,antonelli,Mercedes,1,1.0,4.535407874971785,4.857136304934457,-0.6233250103477379,2.7614853,2.6896665684623695,3.8909674376084338,-2.432981931864091,1.881444,1.2299587820859144
2026-10,2026,10,Belgian Grand Prix,Arvid Lindblad,arvid_lindblad,RB F1 Team,7,0.0,1.0811703292911579,1.0756014412515542,-5.530811238205375,-1.2091975,-2.1779443808553194,1.2519415457871974,-5.863640026553625,-1.3686225,-2.202636228183426
2026-10,2026,10,Belgian Grand Prix,Oliver Bearman,bearman,Haas F1 Team,14,0.0,-1.4003444833319307,-0.7429395238804916,-5.723888405695217,-6.6999006,-5.062560099162366,-0.204822509240552,-6.64431742677579,-5.6880064,-4.617607084569969
2026-10,2026,10,Belgian Grand Prix,Gabriel Bortoleto,bortoleto,Audi,8,0.0,0.6775968121904168,0.09355029962783504,-5.647350060512033,-3.6386173,-3.5344515162702166,-0.33396102532917915,-6.424813454468458,-4.565979,-4.171065768188671
2026-10,2026,10,Belgian Grand Prix,Valtteri Bottas,bottas,Cadillac F1 Team,17,0.0,-2.2980879104339,-2.3731228822634396,-5.715429879822864,-11.3595,-7.477706793152825,-2.9964281868577936,-6.422015440104566,-10.450722,-7.3180926743250785
2026-10,2026,10,Belgian Grand Prix,Franco Colapinto,colapinto,Alpine F1 Team,11,0.0,-0.42071264090775734,-0.7056232626259431,-5.743082540014297,-4.224219,-4.103701404007937,-0.8717410685627001,-6.514838301504803,-4.129328,-4.241470346138518
2026-10,2026,10,Belgian Grand Prix,Pierre Gasly,gasly,Alpine F1 Team,10,0.0,-0.07036443510254106,-0.23710133264486072,-5.665881375713612,-2.8018568,-3.346979680877159,-0.14011105882870495,-6.198476936195455,-2.4146504,-3.223940658007397
2026-10,2026,10,Belgian Grand Prix,Isack Hadjar,hadjar,Red Bull,21,0.0,-3.4027758501677656,0.5578671280320856,-4.593331862490657,-3.743393,-2.9909429918073944,2.239803971875981,-2.8077887834065494,0.5034276,-0.02377731863715963
2026-10,2026,10,Belgian Grand Prix,Lewis Hamilton,hamilton,Ferrari,5,0.0,1.9716099338407647,2.498302135914999,-3.515849117436786,0.38019866,-0.24505815400529188,3.3400119761428013,-1.5788058357716455,0.89596236,0.9786724786385927
2026-10,2026,10,Belgian Grand Prix,Nico Hülkenberg,hulkenberg,Audi,12,0.0,-0.7581525820585773,-0.3128635697142,-5.60666525805356,-5.3058634,-4.316123207515456,0.08704524320239268,-5.872399423371342,-4.37357,-3.7416744484572253
2026-10,2026,10,Belgian Grand Prix,Liam Lawson,lawson,RB F1 Team,9,0.0,0.2948840369673291,0.800206661372758,-5.525141207530522,-1.7408667,-2.48607746866246,1.4579138012270882,-5.680691678335285,-1.1842387,-1.991480138577672
2026-10,2026,10,Belgian Grand Prix,Charles Leclerc,leclerc,Ferrari,4,0.0,2.47549925066826,2.8921489687342943,-3.0102348835394186,0.7445067,0.24085656079577136,3.754364666289609,-1.643930612254265,1.2151582,1.2248623451510663
2026-10,2026,10,Belgian Grand Prix,Max Verstappen,max_verstappen,Red Bull,2,0.0,3.6968099504315663,4.1914641468241856,-0.9821209689983467,2.045446,2.0204476379008707,3.690697140110296,-1.339030519596068,1.5042534,1.4201894966845714
2026-10,2026,10,Belgian Grand Prix,Lando Norris,norris,McLaren,13,0.0,-1.0842683928639936,2.8813607706322633,-2.9264498073233582,-0.46119404,-0.19466403395138263,4.412777641576231,-2.3023901750410425,1.6119823,1.3710010837939164
2026-10,2026,10,Belgian Grand Prix,Esteban Ocon,ocon,Haas F1 Team,16,0.0,-2.0064377661310093,-1.5639968633483026,-5.74332198693778,-6.9299097,-5.474163525270866,-1.2284720571011525,-6.659767945962066,-6.0021806,-5.116036995224569
2026-10,2026,10,Belgian Grand Prix,Sergio Pérez,perez,Cadillac F1 Team,18,0.0,-2.5830295048455456,-2.106961084063611,-5.665759716364882,-10.521828,-7.0341885503423685,-2.2575046366477123,-6.039829713690477,-9.360431,-6.503602883985832
2026-10,2026,10,Belgian Grand Prix,Oscar Piastri,piastri,McLaren,6,0.0,1.510269424306525,2.8826303256028387,-3.379333791936792,0.83225393,0.12901795584555706,3.936224584565834,-1.7962650547323988,1.3557818,1.2875306283332335
2026-10,2026,10,Belgian Grand Prix,George Russell,russell,Mercedes,3,0.0,3.0392885480057727,3.255955156233339,-2.60629616947438,1.0535252,0.654868239745014,3.8729346954155606,-1.9818576357355193,1.559353,1.2708418512596
2026-10,2026,10,Belgian Grand Prix,Carlos Sainz,sainz,Williams,19,0.0,-2.861814478160287,-1.1421671549698578,-5.665832236276723,-7.215783,-5.392094283020279,-0.6486873567103426,-6.244554556174045,-6.076809,-4.777051894149157
2026-10,2026,10,Belgian Grand Prix,Lance Stroll,stroll,Aston Martin,20,0.0,-3.1349229891834076,-2.9249329163427524,-5.723888405695217,-14.853162,-9.036428567067855,-3.371208085399984,-6.622737852356608,-12.820096,-8.402732082775572
2026-11,2026,11,Hungarian Grand Prix,Alexander Albon,albon,Williams,19,0.0,-2.861814478160287,-1.8286644230485278,-5.723888405695217,-10.078096,-6.778921648724861,-1.1357564553741393,-6.607787516607109,-7.9070997,-5.7643518919501355
2026-11,2026,11,Hungarian Grand Prix,Fernando Alonso,alonso,Aston Martin,16,0.0,-2.0064377661310093,-2.1156743993733267,-5.686484201512634,-11.342775,-7.361158717392061,-3.150965170206839,-6.26384248590412,-11.396476,-7.665087995699958
2026-11,2026,11,Hungarian Grand Prix,Andrea Kimi Antonelli,antonelli,Mercedes,7,0.0,1.0811703292911579,2.8627616417320034,-2.9854365360406234,1.32778,0.4633586117608876,3.756155777013207,-2.4124882193281625,1.9537952,1.2145018456987031
2026-11,2026,11,Hungarian Grand Prix,Arvid Lindblad,arvid_lindblad,RB F1 Team,9,0.0,0.2948840369673291,0.6544449723682756,-5.296331257862241,-1.2003052,-2.2463017671799443,1.0606232952755037,-5.336240007746094,-1.018264,-1.9498106411671308
2026-11,2026,11,Hungarian Grand Prix,Oliver Bearman,bearman,Haas F1 Team,17,0.0,-2.2980879104339,-1.1278709871083996,-5.744671660556037,-7.974538,-5.708649418105233,-0.32989701908811464,-6.675369925305411,-6.273623,-4.890801669383274
2026-11,2026,11,Hungarian Grand Prix,Gabriel Bortoleto,bortoleto,Audi,14,0.0,-1.4003444833319307,-0.6075535044327014,-5.6910686475136,-4.610255,-4.194424208434805,-0.10217817114358385,-6.252632181377353,-3.8491364,-3.758256889489235
2026-11,2026,11,Hungarian Grand Prix,Valtteri Bottas,bottas,Cadillac F1 Team,21,0.0,-3.4027758501677656,-2.8549929715094455,-5.645048981415902,-12.74532,-8.168765906622124,-2.9934124901802,-6.154838918970202,-10.638608,-7.287778225980088
2026-11,2026,11,Hungarian Grand Prix,Franco Colapinto,colapinto,Alpine F1 Team,13,0.0,-1.0842683928639936,-0.6436460647916398,-5.743082540014297,-4.6386967,-4.2392366361019675,-0.46781610459196243,-6.524902472946685,-4.3706884,-4.185302407018891
2026-11,2026,11,Hungarian Grand Prix,Pierre Gasly,gasly,Alpine F1 Team,12,0.0,-0.7581525820585773,-0.1261629829229795,-5.697347753638552,-3.5421844,-3.6010763080955934,0.2668289432055899,-6.170023132918929,-2.8794847,-3.234783973754785
2026-11,2026,11,Hungarian Grand Prix,Isack Hadjar,hadjar,Red Bull,8,0.0,0.6775968121904168,1.6355250117675189,-4.4899238562316555,-0.09271462,-1.133154601151262,2.198804178491324,-2.568142218296491,0.47107238,0.037470184831945565
2026-11,2026,11,Hungarian Grand Prix,Lewis Hamilton,hamilton,Ferrari,5,0.0,1.9716099338407647,2.7574517436995145,-2.3310273161052155,0.120562516,0.21031452606088036,3.2941961884394866,-2.2875303937501275,0.71442205,0.6339008254283706
2026-11,2026,11,Hungarian Grand Prix,Nico Hülkenberg,hulkenberg,Audi,10,0.0,-0.07036443510254106,0.16899261436150453,-5.562946671051994,-4.3336825,-3.740241523674773,0.23781800433628886,-5.902195639974987,-4.0040603,-3.5610214766646533
2026-11,2026,11,Hungarian Grand Prix,Liam Lawson,lawson,RB F1 Team,11,0.0,-0.42071264090775734,0.3831074107021535,-5.4066662314723795,-1.7282925,-2.596062702185563,1.1360109530822775,-5.46925438154268,-1.0426779,-1.9800273243635682
2026-11,2026,11,Hungarian Grand Prix,Charles Leclerc,leclerc,Ferrari,2,0.0,3.6968099504315663,3.9571689666976333,-1.1798922189916738,1.5852827,1.6773885184063997,3.8819175923325666,-1.7328717487628784,1.2338793,1.2459788549781912
2026-11,2026,11,Hungarian Grand Prix,Max Verstappen,max_verstappen,Red Bull,4,0.0,2.47549925066826,3.27317709569488,-2.4985286785686314,1.2218683,0.7676535372788357,3.8391396761558987,-1.2659962842113757,1.4819093,1.4935328518949555
2026-11,2026,11,Hungarian Grand Prix,Lando Norris,norris,McLaren,1,1.0,4.535407874971785,4.877949587396111,-0.0209055515533272,2.4575226,2.8124247560175353,4.068714537286894,-1.3682666304315243,1.3559577,1.494031175775121
2026-11,2026,11,Hungarian Grand Prix,Esteban Ocon,ocon,Haas F1 Team,15,0.0,-1.70743939146875,-1.4128105751308353,-5.74332198693778,-7.219407,-5.5273436442862325,-1.3983764507962329,-6.598179783816446,-6.705069,-5.414815087373289
2026-11,2026,11,Hungarian Grand Prix,Sergio Pérez,perez,Cadillac F1 Team,22,0.0,-3.6657443148868256,-2.517048130147905,-5.665759716364882,-12.377264,-7.905274194216698,-2.1200474732974133,-6.142932016552663,-9.8468685,-6.67011137936804
2026-11,2026,11,Hungarian Grand Prix,Oscar Piastri,piastri,McLaren,3,0.0,3.0392885480057727,3.022919248717809,-1.9703766481880296,0.59978336,0.6353134301667093,3.6396904596532096,-0.2186494261709527,1.0802563,1.657891046019865
2026-11,2026,11,Hungarian Grand Prix,George Russell,russell,Mercedes,6,0.0,1.510269424306525,2.4018629078417897,-3.739809778986065,0.7525883,-0.22506829046302346,3.39836018088125,-2.93222663398143,1.4561956,0.708020821968991
2026-11,2026,11,Hungarian Grand Prix,Carlos Sainz,sainz,Williams,18,0.0,-2.5830295048455456,-1.4326011533817045,-5.686542971225702,-8.307273,-5.931402247831471,-0.6523841432185755,-6.227950000177512,-6.1226273,-4.789173315405169
2026-11,2026,11,Hungarian Grand Prix,Lance Stroll,stroll,Aston Martin,20,0.0,-3.1349229891834076,-2.7465402073318765,-5.723888405695217,-14.306732,-8.757736965172958,-3.399196012977992,-6.628187635124724,-13.401419,-8.629156965376234
2026-12,2026,12,Dutch Grand Prix,Alexander Albon,albon,Williams,16,0.0,-2.0064377661310093,-1.682389833946176,-5.665759716364882,-8.8430195,-6.225446660216289,-1.698941154445032,-6.321073641530271,-8.238279,-5.988158084708151
2026-12,2026,12,Dutch Grand Prix,Fernando Alonso,alonso,Aston Martin,18,0.0,-2.5830295048455456,-2.271120457896042,-5.628355512182299,-10.792231,-7.186894412695057,-2.9086756699982774,-5.976204660629434,-10.10281,-6.9934330029309955
2026-12,2026,12,Dutch Grand Prix,Andrea Kimi Antonelli,antonelli,Mercedes,3,0.0,3.0392885480057727,3.709194209429997,-1.9856706707626464,1.6411445,1.293702847857479,4.244756707197561,-2.095371228901909,2.087259,1.5604156864728327
2026-12,2026,12,Dutch Grand Prix,Arvid Lindblad,arvid_lindblad,RB F1 Team,10,0.0,-0.07036443510254106,0.5525550313279928,-5.028913155875325,-1.3015468,-2.2215838097382004,1.1191242561356232,-4.959992273449188,-0.88064176,-1.738998365673991
2026-12,2026,12,Dutch Grand Prix,Oliver Bearman,bearman,Haas F1 Team,20,0.0,-3.1349229891834076,-1.7808781157639557,-5.686542971225702,-8.13447,-5.998871388378253,-1.0389850683836321,-6.440367127446331,-6.4235063,-5.120618039782482
2026-12,2026,12,Dutch Grand Prix,Gabriel Bortoleto,bortoleto,Audi,9,0.0,0.2948840369673291,0.22652984489952982,-5.616614527770409,-3.0179873,-3.232873625470856,0.034105472909937,-5.960274219576942,-3.6462662,-3.525662247171582
2026-12,2026,12,Dutch Grand Prix,Valtteri Bottas,bottas,Cadillac F1 Team,21,0.0,-3.4027758501677656,-2.650424775629483,-5.645048981415902,-13.544851,-8.397526973081495,-3.035009709860536,-6.261061696715719,-11.72777,-7.743376022652615
2026-12,2026,12,Dutch Grand Prix,Franco Colapinto,colapinto,Alpine F1 Team,14,0.0,-1.4003444833319307,-1.1084328951428366,-5.684953850683962,-4.1393404,-4.203594536685445,-1.0413237452372741,-6.313241492299544,-3.7171974,-4.077885692908105
2026-12,2026,12,Dutch Grand Prix,Pierre Gasly,gasly,Alpine F1 Team,11,0.0,-0.42071264090775734,-0.303015776383019,-5.630270683153132,-2.4734282,-3.2323517772073513,-0.32058780398910747,-5.960122830337426,-2.379581,-3.189707036397454
2026-12,2026,12,Dutch Grand Prix,Lewis Hamilton,hamilton,Ferrari,5,0.0,1.9716099338407647,2.903165237696401,-3.361397164603902,0.46563682,0.0028471547907680823,3.8989422588766187,-1.9441781156319138,1.0850961,1.1196232311654843
2026-12,2026,12,Dutch Grand Prix,Nico Hülkenberg,hulkenberg,Audi,13,0.0,-1.0842683928639936,-0.5429225244883602,-5.559287143781605,-4.825751,-4.201761776608532,0.3698029092303898,-5.659955708493318,-3.249539,-3.1452883952437922
2026-12,2026,12,Dutch Grand Prix,Liam Lawson,lawson,Red Bull,8,0.0,0.6775968121904168,1.2004974004085007,-4.542521214853765,-0.4831799,-1.470777163641978,1.6605809574406445,-3.3086791970881855,0.101632915,-0.5695848995553394
2026-12,2026,12,Dutch Grand Prix,Charles Leclerc,leclerc,Ferrari,6,0.0,1.510269424306525,3.297833423812958,-2.478642508993679,0.84277475,0.6390198612045408,4.418682402784032,-0.9275079834163646,1.4071274,1.8041133512131053
2026-12,2026,12,Dutch Grand Prix,Max Verstappen,max_verstappen,Red Bull,7,0.0,1.0811703292911579,2.9668771412183648,-2.644163222827397,0.9489399,0.48894635837454553,3.86617903289779,-1.2912176430320452,1.3815644,1.4572440113710685
2026-12,2026,12,Dutch Grand Prix,Lando Norris,norris,McLaren,1,1.0,4.535407874971785,4.886338428818062,-0.8064279933449062,2.65387,2.5891145653717422,4.254462186352008,-1.5052462332322352,1.732291,1.6506019489856616
2026-12,2026,12,Dutch Grand Prix,Esteban Ocon,ocon,Haas F1 Team,15,0.0,-1.70743939146875,-1.6618978399841176,-5.685193297607445,-7.0214334,-5.5246463431473956,-1.882827567080319,-6.385264010681368,-6.9139633,-5.591764055355302
2026-12,2026,12,Dutch Grand Prix,Sergio Pérez,perez,Cadillac F1 Team,22,0.0,-3.6657443148868256,-2.526693958955933,-5.628355512182299,-12.6638565,-8.004794984256378,-2.3556757259688585,-5.879746683075946,-10.562515,-6.923544466700585
2026-12,2026,12,Dutch Grand Prix,Oscar Piastri,piastri,McLaren,4,0.0,2.47549925066826,2.8303763807448967,-3.0115843146049546,0.94340086,0.29306045752163945,3.5641226442887626,-1.7718099800478158,1.2934753,1.1365390372562927
2026-12,2026,12,Dutch Grand Prix,George Russell,russell,Mercedes,2,0.0,3.6968099504315663,4.048454804524201,-1.5230083833342245,1.9030049,1.7027237089165914,3.758509586141776,-2.5203210235574787,1.5563534,1.0292690734931997
2026-12,2026,12,Dutch Grand Prix,Carlos Sainz,sainz,Williams,17,0.0,-2.2980879104339,-1.6789361145010984,-5.686542971225702,-7.984193,-5.901894030339471,-1.2460797524462377,-6.225909845746729,-6.6969786,-5.2186299841232975
2026-12,2026,12,Dutch Grand Prix,Lance Stroll,stroll,Aston Martin,19,0.0,-2.861814478160287,-2.4466703341100686,-5.665759716364882,-12.697666,-8.001407663466543,-3.179756812768419,-6.356544873029275,-12.005006,-7.93396611568798
2026-12,2026,12,Dutch Grand Prix,Yuki Tsunoda,tsunoda,RB F1 Team,12,0.0,-0.7581525820585773,-0.19298654269071538,-5.365073896290573,-2.8399346,-3.2289990904572257,0.248232258003922,-5.700348127994267,-2.211865,-2.8227517786688683
2026-13,2026,13,Italian Grand Prix,Alexander Albon,albon,Williams,20,0.0,-3.1349229891834076,-2.270903665537768,-5.665759716364882,-8.683844,-6.390525571796969,-1.9907394791180273,-6.310402532311195,-7.342536,-5.761786322468371
2026-13,2026,13,Italian Grand Prix,Fernando Alonso,alonso,Aston Martin,21,0.0,-3.4027758501677656,-2.0615320074573105,-5.686542971225702,-12.677275,-7.853473994660114,-2.0214638361710917,-6.3453153479823365,-10.900521,-7.096417376354248
2026-13,2026,13,Italian Grand Prix,Andrea Kimi Antonelli,antonelli,Mercedes,19,1.0,-2.861814478160287,2.1808838602675737,-2.889787697507401,-0.31619412,-0.3941465018334098,4.176104934589609,-1.931940022153028,1.8671846,1.514267785134213
2026-13,2026,13,Italian Grand Prix,Arvid Lindblad,arvid_lindblad,RB F1 Team,9,0.0,0.2948840369673291,0.6425581508167123,-5.42904078983241,-1.3781253,-2.3702697367049606,1.102026278507572,-5.513253569265942,-1.0909878,-2.0265430990414823
2026-13,2026,13,Italian Grand Prix,Oliver Bearman,bearman,Haas F1 Team,11,0.0,-0.42071264090775734,-0.5745951118327227,-5.665759716364882,-6.877696,-5.043843700761833,-0.9667529225014669,-6.344730340415696,-7.7281923,-5.539323758179314
2026-13,2026,13,Italian Grand Prix,Gabriel Bortoleto,bortoleto,Audi,10,0.0,-0.07036443510254106,0.030133662457574692,-5.574671024971457,-2.7327924,-3.1826037188182714,0.045572071911837014,-5.9792233605486285,-3.0143106,-3.295660040253558
2026-13,2026,13,Italian Grand Prix,Valtteri Bottas,bottas,Cadillac F1 Team,16,0.0,-2.0064377661310093,-2.2170645714561203,-5.619896986309946,-11.949455,-7.60780659081666,-3.0194341892725385,-5.914757098307709,-11.2239485,-7.424526004074168
2026-13,2026,13,Italian Grand Prix,Franco Colapinto,colapinto,Alpine F1 Team,7,0.0,1.0811703292911579,0.08358428275056151,-5.5634072535710875,-2.803453,-3.1848900112604,-0.6819135063939773,-6.194980138570652,-4.453395,-4.173104405247696
2026-13,2026,13,Italian Grand Prix,Pierre Gasly,gasly,Alpine F1 Team,1,0.0,4.535407874971785,2.590564292425754,-2.7808282849056982,1.5663308,0.5290927686047738,0.09762311780086222,-5.815076002251811,-3.0036952,-3.21212134934418
2026-13,2026,13,Italian Grand Prix,Lewis Hamilton,hamilton,Ferrari,4,0.0,2.47549925066826,2.7862636286729794,-2.6012107477219266,0.10275481,0.11066102873708239,3.5070677789550357,-2.055420156314943,0.7428901,0.8082790735029998
2026-13,2026,13,Italian Grand Prix,Nico Hülkenberg,hulkenberg,Audi,12,0.0,-0.7581525820585773,-0.005086567965220341,-5.565153828425935,-3.5351532,-3.500991294793515,0.49052017162730605,-5.778827600649482,-2.8849006,-3.010307301586053
2026-13,2026,13,Italian Grand Prix,Liam Lawson,lawson,Red Bull,22,0.0,-3.6657443148868256,-0.07419542549451,-4.478337332629568,-3.7115617,-3.177514792466785,1.7042866375142673,-2.892963965858481,0.034814928,-0.42498372855003974
2026-13,2026,13,Italian Grand Prix,Charles Leclerc,leclerc,Ferrari,3,0.0,3.0392885480057727,3.2414572654296196,-2.0576387679427106,0.54006404,0.6628266768291996,3.9907594862340594,-1.3522801023373592,1.0746357,1.367592453645502
2026-13,2026,13,Italian Grand Prix,Max Verstappen,max_verstappen,Red Bull,5,0.0,1.9716099338407647,3.1308468795988063,-2.964788060853203,1.3009926,0.5640760333766992,3.800784242528798,-1.8371906689457391,1.5610033,1.2981585428223956
2026-13,2026,13,Italian Grand Prix,Lando Norris,norris,McLaren,8,0.0,0.6775968121904168,2.896365778372459,-2.230285181824002,1.1394937,0.6942368690794406,4.650736279764559,-0.5183219313156434,1.9355103,2.234901865961114
2026-13,2026,13,Italian Grand Prix,Esteban Ocon,ocon,Haas F1 Team,14,0.0,-1.4003444833319307,-1.4367729505799969,-5.685193297607445,-7.5145035,-5.6276703293700265,-1.7346389615793247,-6.350091355143897,-7.8423615,-5.866171599354398
2026-13,2026,13,Italian Grand Prix,Sergio Pérez,perez,Cadillac F1 Team,17,0.0,-2.2980879104339,-2.026463298962272,-5.628355512182299,-11.506968,-7.367638408827888,-2.4381675572075294,-5.901393163413581,-10.58872,-6.971551762226241
2026-13,2026,13,Italian Grand Prix,Oscar Piastri,piastri,McLaren,6,0.0,1.510269424306525,2.8581761418582197,-2.7172818944219927,0.9726553,0.4281558220333896,3.846801418876251,-1.7748381519472247,1.487168,1.3108780180801707
2026-13,2026,13,Italian Grand Prix,George Russell,russell,Mercedes,2,0.0,3.6968099504315663,4.06247696451673,-1.5799403613962182,1.7620947,1.632045588319952,3.743041851510985,-2.2660003060291842,1.3913089,1.0564537574210784
2026-13,2026,13,Italian Grand Prix,Carlos Sainz,sainz,Williams,13,0.0,-1.0842683928639936,-1.395650772366952,-5.686542971225702,-6.325062,-5.155041865735485,-1.7485534856547815,-6.303047646887825,-6.0268035,-5.185274159909453
2026-13,2026,13,Italian Grand Prix,Lance Stroll,stroll,Aston Martin,18,0.0,-2.5830295048455456,-2.1478887014581454,-5.665759716364882,-14.115909,-8.431836350820351,-2.3474708028338847,-6.326543841309162,-12.464235,-7.785514350704332
2026-13,2026,13,Italian Grand Prix,Yuki Tsunoda,tsunoda,RB F1 Team,15,0.0,-1.70743939146875,-0.6169536273117445,-5.5344054830102625,-4.0692816,-3.92979983706899,0.35569315413686065,-5.914776307239458,-2.6242223,-3.014026327893411
2026-14,2026,14,Spanish Grand Prix,Alexander Albon,albon,Williams,16,0.0,-2.0064377661310093,-1.7700056397638972,-5.723888405695217,-9.022829,-6.350621035523096,-1.7727753904115398,-6.633536304420703,-7.9447403,-6.022322104274831
2026-14,2026,14,Spanish Grand Prix,Fernando Alonso,alonso,Aston Martin,17,0.0,-2.2980879104339,-1.8768184535416494,-5.723888405695217,-11.853136,-7.479933115304516,-2.4022618813396726,-6.645533654762857,-10.914196,-7.3522818612346965
2026-14,2026,14,Spanish Grand Prix,Andrea Kimi Antonelli,antonelli,Mercedes,2,1.0,3.6968099504315663,5.008021762424106,-0.5709033964026968,2.5028293,2.6683850935460063,5.0213347683785585,-1.1640962291757317,2.2883468,2.2635053853355123
2026-14,2026,14,Spanish Grand Prix,Arvid Lindblad,arvid_lindblad,RB F1 Team,10,0.0,-0.07036443510254106,0.46446682852977983,-5.252580200634277,-1.3741056,-2.3693511731408226,1.0077607536186226,-5.504280322378207,-0.9929571,-2.0218513643207157
2026-14,2026,14,Spanish Grand Prix,Oliver Bearman,bearman,Haas F1 Team,22,0.0,-3.6657443148868256,-2.3048792261927273,-5.723888405695217,-9.090538,-6.582311875735528,-1.1425876307666494,-6.6484952557931525,-6.561705,-5.286333409986892
2026-14,2026,14,Spanish Grand Prix,Gabriel Bortoleto,bortoleto,Audi,12,0.0,-0.7581525820585773,-0.17730802132592796,-5.687674169220578,-3.18214,-3.478586209432952,0.18419657426691216,-6.30666767258778,-2.8017907,-3.2869309699668054
2026-14,2026,14,Spanish Grand Prix,Valtteri Bottas,bottas,Cadillac F1 Team,19,0.0,-2.861814478160287,-2.6817432703078925,-5.703177670746237,-13.381868,-8.369252737309802,-2.9759895406878494,-6.565162894566969,-11.291427,-7.67293148116879
2026-14,2026,14,Spanish Grand Prix,Franco Colapinto,colapinto,Alpine F1 Team,9,0.0,0.2948840369673291,-0.13347337270302292,-5.645760939970293,-2.3841407,-3.138788544705232,-0.4024178340469215,-6.498317120831449,-3.0405698,-3.66152216380393
2026-14,2026,14,Spanish Grand Prix,Pierre Gasly,gasly,Alpine F1 Team,14,0.0,-1.4003444833319307,-0.41697040544178904,-5.643744740596115,-2.83644,-3.420924406667007,0.4064332835481226,-6.138542579057057,-1.715024,-2.7428837882932124
2026-14,2026,14,Spanish Grand Prix,Lewis Hamilton,hamilton,Ferrari,4,0.0,2.47549925066826,3.0838678221677647,-2.7760407598135837,0.72581416,0.3974313592974396,3.7800802734701207,-2.2155357777479163,1.1075553,0.9841718743671038
2026-14,2026,14,Spanish Grand Prix,Nico Hülkenberg,hulkenberg,Audi,11,0.0,-0.42071264090775734,0.14190601387282265,-5.603270779760539,-3.1531606,-3.3122542217858033,0.5472127892909902,-6.113489050204595,-2.6584656,-3.0292879555492296
2026-14,2026,14,Spanish Grand Prix,Liam Lawson,lawson,Red Bull,8,0.0,0.6775968121904168,1.4224054911884028,-4.537888765269314,-0.24114606,-1.2906119884137355,1.8029933710870034,-3.8533557734403354,-0.21984892,-0.8361507144408149
2026-14,2026,14,Spanish Grand Prix,Charles Leclerc,leclerc,Ferrari,5,0.0,1.9716099338407647,3.1435103234439237,-3.739879509555763,0.8702057,0.10528916161255204,4.1766454230700445,-2.7101580511063377,1.3393912,1.0334444992198195
2026-14,2026,14,Spanish Grand Prix,Max Verstappen,max_verstappen,Red Bull,3,0.0,3.0392885480057727,3.8362604251658374,-1.6838411346759905,1.6143926,1.4483257317206404,4.21588556358727,-2.0324239256820467,1.7582791,1.4517984714376675
2026-14,2026,14,Spanish Grand Prix,Lando Norris,norris,McLaren,1,0.0,4.535407874971785,5.45390323884266,0.09805524279199555,2.8532043,3.231755047623299,5.011421812521775,-0.8111147259743136,2.01995,2.291008018636943
2026-14,2026,14,Spanish Grand Prix,Esteban Ocon,ocon,Haas F1 Team,13,0.0,-1.0842683928639936,-1.4577907184338341,-5.74332198693778,-6.487437,-5.2631983790044226,-1.9332594625212876,-6.685024634823724,-6.7988157,-5.678334403974743
2026-14,2026,14,Spanish Grand Prix,Sergio Pérez,perez,Cadillac F1 Team,18,0.0,-2.5830295048455456,-2.2074912863649505,-5.723888405695217,-12.291696,-7.775700211983333,-2.4492695225572976,-6.583953841012534,-10.703542,-7.269327803217033
2026-14,2026,14,Spanish Grand Prix,Oscar Piastri,piastri,McLaren,7,0.0,1.0811703292911579,2.8381493113696625,-3.831138476495243,0.8658048,-0.048901937381870715,4.2426176473049635,-1.9896967035915853,1.5858194,1.413861971637312
2026-14,2026,14,Spanish Grand Prix,George Russell,russell,Mercedes,6,0.0,1.510269424306525,3.4044517726107766,-3.0599572098219316,1.1905358,0.5902136851996593,4.633317073476082,-1.6059165725750029,1.9224854,1.823112482347795
2026-14,2026,14,Spanish Grand Prix,Carlos Sainz,sainz,Williams,20,0.0,-3.1349229891834076,-1.8727164464770538,-5.744671660556037,-8.211407,-6.086115066628955,-1.417974236105339,-6.663709869461171,-6.4591155,-5.3555807272901506
2026-14,2026,14,Spanish Grand Prix,Lance Stroll,stroll,Aston Martin,21,0.0,-3.4027758501677656,-2.4681982788135537,-5.723888405695217,-14.0974045,-8.570229735802707,-2.58540614143396,-6.661943423653354,-12.412496,-7.977625199259312
2026-14,2026,14,Spanish Grand Prix,Yuki Tsunoda,tsunoda,RB F1 Team,15,0.0,-1.70743939146875,-0.7143566356461335,-5.6100961550483,-3.4795318,-3.7695970423177805,0.11489391178243616,-6.3284714606663925,-2.2698956,-3.124582297000308
2026-15,2026,15,Azerbaijan Grand Prix,Alexander Albon,albon,Williams,12,0.0,-0.7581525820585773,-1.290552988038972,-5.723888405695217,-8.039902,-5.788341159024642,-1.9790855215121925,-6.666377788027714,-8.611224,-6.355880376608891
2026-15,2026,15,Azerbaijan Grand Prix,Fernando Alonso,alonso,Aston Martin,21,0.0,-3.4027758501677656,-2.4215276212443633,-5.723888405695217,-12.289264,-7.857061373078561,-2.6920726557739227,-6.67112820837494,-11.084414,-7.53114357471778
2026-15,2026,15,Azerbaijan Grand Prix,Andrea Kimi Antonelli,antonelli,Mercedes,16,0.0,-2.0064377661310093,1.90587481219598,-2.7769455349789887,0.4370636,-0.16687418669231477,4.572935012128238,-0.5545235869763847,2.1151142,2.2590636396983275
2026-15,2026,15,Azerbaijan Grand Prix,Arvid Lindblad,arvid_lindblad,RB F1 Team,15,0.0,-1.70743939146875,-0.37399335666072847,-5.33502837411021,-3.0480952,-3.3670801900069782,0.8128050941861481,-5.542123927715698,-1.4294659,-2.2683669159451507
2026-15,2026,15,Azerbaijan Grand Prix,Oliver Bearman,bearman,Haas F1 Team,10,0.0,-0.07036443510254106,-0.6995192821344546,-5.70095307355447,-6.7163916,-5.043387324116271,-1.2683568701406356,-6.743437974588196,-7.4628463,-5.6995276726925646
2026-15,2026,15,Azerbaijan Grand Prix,Gabriel Bortoleto,bortoleto,Audi,17,0.0,-2.2980879104339,-1.0333470788502195,-5.687674169220578,-5.2179055,-4.5904746976117305,0.05239923220444252,-6.168002763667496,-2.9762263,-3.348648635848391
2026-15,2026,15,Azerbaijan Grand Prix,Valtteri Bottas,bottas,Cadillac F1 Team,19,0.0,-2.861814478160287,-2.981245529570744,-5.703177670746237,-13.953743,-8.704294034306798,-3.4525684483640138,-6.587795847148756,-12.150999,-8.173390812722056
2026-15,2026,15,Azerbaijan Grand Prix,Franco Colapinto,colapinto,Alpine F1 Team,9,0.0,0.2948840369673291,-0.028041258762155366,-5.645760939970293,-2.9521713,-3.3166560085936028,-0.09913209210085625,-6.420044292388977,-3.3007805,-3.616828058098135
2026-15,2026,15,Azerbaijan Grand Prix,Pierre Gasly,gasly,Alpine F1 Team,7,0.0,1.0811703292911579,0.6183671110246308,-5.600026153594548,-1.6543945,-2.551538886316444,0.4757218241887665,-6.116772088790876,-2.2054763,-2.8899859350816275
2026-15,2026,15,Azerbaijan Grand Prix,Isack Hadjar,hadjar,Red Bull,4,0.0,2.47549925066826,2.239775217250281,-3.6186590079216776,0.30773172,-0.41185414590803665,2.3051093618381504,-2.4032382164100863,0.40977317,0.11478297887520436
2026-15,2026,15,Azerbaijan Grand Prix,Lewis Hamilton,hamilton,Ferrari,6,0.0,1.510269424306525,2.1635967695271927,-4.152932694330379,0.103995845,-0.7249065264511819,3.018663877020866,-2.50168029604868,0.6084875,0.41452680191144037
2026-15,2026,15,Azerbaijan Grand Prix,Nico Hülkenberg,hulkenberg,Audi,18,0.0,-2.5830295048455456,-0.8890361243598762,-5.567662680517365,-5.905291,-4.753140954510639,0.5392626723466161,-6.053977797292716,-2.9015007,-3.0998104977365086
2026-15,2026,15,Azerbaijan Grand Prix,Liam Lawson,lawson,RB F1 Team,11,0.0,-0.42071264090775734,0.1208867908727887,-5.357088782677446,-2.3883405,-2.931609343301799,0.884472626999215,-5.527469568793737,-1.6871922,-2.3314975712475148
2026-15,2026,15,Azerbaijan Grand Prix,Charles Leclerc,leclerc,Ferrari,2,0.0,3.6968099504315663,3.677754014791911,-1.9653757935227334,1.5221267,1.2436555789926298,3.5401485644900474,-2.288883063584312,0.91485703,0.7978133520530257
2026-15,2026,15,Azerbaijan Grand Prix,Max Verstappen,max_verstappen,Red Bull,8,0.0,0.6775968121904168,2.8987174792124164,-2.9936484973201507,1.0922008,0.38344665205020745,4.087204223948453,-0.793524267287572,1.5297198,1.7765258876091323
2026-15,2026,15,Azerbaijan Grand Prix,Lando Norris,norris,McLaren,5,0.0,1.9716099338407647,3.4723945181088545,-2.5491043130016355,1.1838067,0.8101712173402098,4.7091720932446615,-0.7804237553179878,1.7123165,2.077683415356225
2026-15,2026,15,Azerbaijan Grand Prix,Esteban Ocon,ocon,Haas F1 Team,13,0.0,-1.0842683928639936,-1.3057607477541568,-5.74332198693778,-7.1123037,-5.4450025133835265,-1.74602229601857,-6.674218804436304,-7.4233117,-5.835403028486578
2026-15,2026,15,Azerbaijan Grand Prix,Sergio Pérez,perez,Cadillac F1 Team,20,0.0,-3.1349229891834076,-2.563367306761383,-5.686484201512634,-12.600103,-8.016733178894041,-2.7710721316408056,-6.286857622587149,-11.208473,-7.464400858840464
2026-15,2026,15,Azerbaijan Grand Prix,Oscar Piastri,piastri,McLaren,3,0.0,3.0392885480057727,3.2163932935653343,-2.5852539361693445,0.94084007,0.6044204730639627,3.8843384620844255,-1.8442291264449293,1.3117249,1.234527627116941
2026-15,2026,15,Azerbaijan Grand Prix,George Russell,russell,Mercedes,1,1.0,4.535407874971785,4.674548101239962,-0.7039714467327913,2.4317765,2.461681928094271,3.960745553848543,-2.0292047768670876,1.4976627,1.2630237914813445
2026-15,2026,15,Azerbaijan Grand Prix,Carlos Sainz,sainz,Williams,14,0.0,-1.4003444833319307,-0.9258111807480998,-5.744671660556037,-6.590059,-5.09863089646061,-1.544580174203742,-6.602864114836018,-7.342153,-5.705036265038197
2026-15,2026,15,Azerbaijan Grand Prix,Lance Stroll,stroll,Aston Martin,22,0.0,-3.6657443148868256,-2.597862073621607,-5.723888405695217,-14.716426,-8.85809652498109,-2.6496344408609374,-6.661639456781382,-12.911349,-8.184904246976853
