model,races,top1,top1_lo,top1_hi,top3,logloss,ll_lo,ll_hi,brier,era,pole_top1
grid_logit,81,0.48148148148148145,0.38271604938271603,0.5925925925925926,0.8641975308641975,1.5695365719288628,1.2853607898458945,1.8582412670654547,0.6892539760489315,2018-21,0.48148148148148145
ens_pre_cal,81,0.4691358024691358,0.37037037037037035,0.5802469135802469,0.8148148148148148,1.5566779376666127,1.301686942621718,1.8226852260580113,0.6952544915942316,2018-21,0.48148148148148145
ens_post_cal,81,0.5555555555555556,0.4567901234567901,0.6666666666666666,0.8765432098765432,1.3686228322636478,1.105998497963675,1.6386250791528643,0.6271996020726851,2018-21,0.48148148148148145
grid_logit,92,0.5543478260869565,0.44565217391304346,0.6578804347826084,0.8695652173913043,1.4969085707307495,1.245274434090598,1.7780363000015385,0.6396429755668145,2022-25 (ground effect),0.5543478260869565
ens_pre_cal,92,0.4782608695652174,0.3804347826086957,0.5760869565217391,0.7717391304347826,1.4269813527651607,1.172292875359799,1.6562060163130066,0.6163339519825138,2022-25 (ground effect),0.5543478260869565
ens_post_cal,92,0.6195652173913043,0.532608695652174,0.7282608695652174,0.9130434782608695,1.0900019254132558,0.8824559617474059,1.294635345419036,0.51563563149107,2022-25 (ground effect),0.5543478260869565
grid_logit,15,0.6666666666666666,0.4,0.8666666666666667,0.9333333333333333,1.4148003256528228,0.762465825572636,2.5412872496219547,0.5241628509034487,2026 (new regs),0.6666666666666666
ens_pre_cal,15,0.2,0.0,0.4,0.4666666666666667,2.094492758470195,1.798771405901567,2.392103768767538,0.8814939136365735,2026 (new regs),0.6666666666666666
ens_post_cal,15,0.6,0.3333333333333333,0.8666666666666667,0.9333333333333333,1.2859291967992652,0.9049906125057383,1.7688640814915193,0.5953706922127103,2026 (new regs),0.6666666666666666
