model,exact,within1,within3,mae,spearman,kendall,podium,top10,winner,spearman_vs_grid,spearman_lo,spearman_hi,mae_vs_grid,mae_lo,mae_hi
ridge,0.13939393939393938,0.36363636363636365,0.6848484848484848,3.472727272727272,0.6615847920195748,0.5584415584415584,0.5777777777777777,0.76,0.6,0.022360248447204967,-0.005119518162996425,0.054660267268962934,0.030303030303030335,-0.1636363636363636,0.24863636363636432
rf_reg,0.13030303030303028,0.3333333333333333,0.6666666666666665,3.56969696969697,0.6544325239977414,0.5503607503607504,0.5333333333333333,0.76,0.4,0.015207980425371722,-0.020856389986824812,0.05390927912667047,-0.06666666666666667,-0.32727272727272727,0.21212121212121213
ens_rank,0.13030303030303028,0.3515151515151515,0.6757575757575758,3.5333333333333328,0.6541313758705064,0.5532467532467533,0.5777777777777778,0.76,0.4,0.014906832298136647,-0.01897609636740069,0.0543610013175231,-0.030303030303030245,-0.3092424242424242,0.2606060606060606
lgbm_rank,0.13333333333333333,0.3727272727272728,0.6757575757575757,3.539393939393939,0.6517221908526256,0.5492063492063491,0.6444444444444444,0.76,0.6,0.012497647280255956,-0.02228496141539622,0.05262751741012611,-0.03636363636363639,-0.303030303030303,0.26060606060606056
pl_lin,0.13939393939393935,0.36666666666666664,0.6818181818181818,3.5151515151515156,0.6499153020892153,0.559018759018759,0.6222222222222222,0.7533333333333334,0.5333333333333333,0.010690758516845478,-0.035766986636551895,0.055486542443064196,-0.01212121212121211,-0.3212121212121212,0.3030303030303031
cat_reg,0.08484848484848483,0.3242424242424242,0.6636363636363635,3.6545454545454548,0.6445699228307924,0.5463203463203462,0.5777777777777778,0.76,0.3333333333333333,0.005345379258422755,-0.03410502540937321,0.05135140222096747,-0.1515151515151515,-0.43636363636363634,0.1333333333333334
lgbm_reg,0.09090909090909088,0.3484848484848485,0.6606060606060605,3.624242424242424,0.6435159043854697,0.5451659451659451,0.5555555555555556,0.76,0.3333333333333333,0.004291360813099924,-0.029363824581215933,0.04788255223037831,-0.12121212121212116,-0.3757575757575757,0.15166666666666723
cat_rank,0.10303030303030301,0.35757575757575755,0.6666666666666665,3.6121212121212123,0.6423113118765293,0.5428571428571428,0.5555555555555556,0.76,0.3333333333333333,0.003086768304159626,-0.03440617353660831,0.042842085450781116,-0.10909090909090911,-0.3818181818181818,0.1939393939393938
grid_order,0.14848484848484847,0.41212121212121205,0.6818181818181818,3.5030303030303025,0.6392245435723698,0.5399711399711399,0.6,0.74,0.6666666666666666,0.0,0.0,0.0,0.0,0.0,0.0
xgb_rank,0.14242424242424243,0.3757575757575758,0.6636363636363636,3.606060606060606,0.6365894974590628,0.5434343434343434,0.5777777777777777,0.7466666666666666,0.6,-0.0026350461133069713,-0.04434594391116133,0.042313194052324525,-0.10303030303030297,-0.406060606060606,0.21212121212121213
pl_mlp,0.13333333333333333,0.34545454545454546,0.6303030303030303,3.678787878787879,0.6295878035008471,0.5307359307359307,0.5333333333333333,0.7733333333333334,0.4666666666666667,-0.00963674007152268,-0.07182759269715794,0.05541878411443636,-0.17575757575757572,-0.5454545454545455,0.20606060606060608
