model,races,top1,top1_lo,top1_hi,top3,logloss,ll_lo,ll_hi,brier,slice
grid_logit,188,0.5319148936170213,0.4627659574468085,0.601063829787234,0.8723404255319149,1.5216492325439317,1.3345437800377826,1.7326223537417387,0.6518040881684154,all
ens_post,188,0.5904255319148937,0.5212765957446809,0.6595744680851063,0.898936170212766,1.2205323987753944,1.0582098766284427,1.400440476245219,0.5699438540946584,all
gru_q,188,0.5585106382978723,0.48936170212765956,0.6276595744680851,0.898936170212766,1.256343615730503,1.1134653604027533,1.414761756878785,0.5919613431946803,all
trf_q,188,0.5425531914893617,0.46808510638297873,0.6117021276595744,0.8617021276595744,1.3244231231180177,1.1679240907494841,1.5011495624244142,0.6104211501287929,all
gru_qf,188,0.5638297872340425,0.48936170212765956,0.6382978723404256,0.8936170212765957,1.261250924823908,1.1196656120826507,1.421079832533344,0.5873725632251658,all
grid_logit,63,0.5873015873015873,0.4603174603174603,0.7142857142857143,0.9047619047619048,1.3796436141881347,1.0773126901801136,1.7864962294134015,0.5971763216453465,2024-26
ens_post,63,0.5396825396825397,0.42817460317460315,0.6507936507936508,0.8888888888888888,1.320634315091656,1.0638196573134244,1.6035907031285204,0.6238571991539211,2024-26
gru_q,63,0.6031746031746031,0.47619047619047616,0.7146825396825375,0.873015873015873,1.257219318715284,1.00575030386329,1.5075904880279092,0.5884878418064109,2024-26
trf_q,63,0.5555555555555556,0.42857142857142855,0.6825396825396826,0.8412698412698413,1.4089186564706777,1.148557819336865,1.6752908294948985,0.6341416592642943,2024-26
gru_qf,63,0.5873015873015873,0.4603174603174603,0.7142857142857143,0.873015873015873,1.3290248537502407,1.0965463723770201,1.579582466539208,0.6174372317575348,2024-26
