slice,variant,vs,nats_better,lo,hi
all,gru_q,ens_post,-0.03581121695510834,-0.11071557519852702,0.04180018597421814
all,gru_q,grid_logit,0.2653056168134287,0.15011209200201034,0.3963104699604634
all,trf_q,ens_post,-0.10389072434262292,-0.1741031192485153,-0.03277322807577673
all,trf_q,grid_logit,0.1972261094259141,0.047279311685124684,0.3582275696293006
all,gru_qf,ens_post,-0.04071852604851347,-0.10081182502854522,0.0213004808197953
all,gru_qf,grid_logit,0.2603983077200235,0.1098078586766312,0.42347567438468564
2024-26,gru_q,ens_post,0.06341499637637218,-0.05935558032082779,0.19254315170428252
2024-26,gru_q,grid_logit,0.12242429547285054,-0.05747619151474803,0.3519138503210496
2024-26,trf_q,ens_post,-0.0882843413790218,-0.21747048921660395,0.04344291001232213
2024-26,trf_q,grid_logit,-0.029275042282543455,-0.26641156833762736,0.2621326521854225
2024-26,gru_qf,ens_post,-0.0083905386585846,-0.07916639055712842,0.06943684699207586
2024-26,gru_qf,grid_logit,0.050618760437893776,-0.18318562491796744,0.33122268513606234
