strategy_share,p_under,p_cover,pass_thr,logloss,pole_win
0.7,0.0,0.0,0.035,1.4463226700691711,0.36799435028248584
0.7,0.0,0.6,0.035,1.457344385093428,0.3703672316384181
0.9,0.0,0.6,0.035,1.4621540525084396,0.39096045197740115
0.9,0.35,0.6,0.035,1.4662425208544105,0.3821468926553672
0.9,0.35,0.0,0.035,1.46910478444401,0.38155367231638426
0.7,0.35,0.0,0.035,1.4740647796331179,0.3637288135593221
0.7,0.35,0.6,0.035,1.4792970316044871,0.36451977401129937
0.9,0.0,0.0,0.035,1.4951860719302386,0.3913841807909605
0.7,0.0,0.0,0.014,1.5691273960477734,0.35129943502824856
0.9,0.0,0.0,0.014,1.5824970228837658,0.3594350282485876
0.7,0.0,0.6,0.014,1.5870563395370487,0.3530508474576271
0.9,0.35,0.6,0.014,1.5956400484426088,0.35200564971751414
0.9,0.0,0.6,0.014,1.598346237945323,0.3577966101694915
0.9,0.35,0.0,0.014,1.5999913570556712,0.35203389830508475
0.7,0.35,0.6,0.014,1.612626885253913,0.3497457627118644
0.7,0.35,0.0,0.014,1.614300124031709,0.35002824858757065
