race_key,driver_id,p_sim,grid
2022-01,leclerc,0.11758104738154615,1
2022-01,sainz,0.08092269326683293,3
2022-01,hamilton,0.19513715710723195,5
2022-01,russell,0.017581047381546137,9
2022-01,kevin_magnussen,0.0018703241895261847,7
2022-01,bottas,0.026807980049875314,6
2022-01,ocon,0.008104738154613468,11
2022-01,tsunoda,0.004613466334164589,16
2022-01,alonso,0.01458852867830424,8
2022-01,zhou,0.005361596009975063,15
2022-01,mick_schumacher,0.00037406483790523696,12
2022-01,stroll,0.0023690773067331673,19
2022-01,albon,0.004862842892768081,14
2022-01,ricciardo,0.00660847880299252,18
2022-01,norris,0.012842892768079803,13
2022-01,latifi,0.00037406483790523696,20
2022-01,hulkenberg,0.0031172069825436415,17
2022-01,perez,0.1599750623441397,4
2022-01,max_verstappen,0.324064837905237,2
2022-01,gasly,0.012842892768079803,10
2022-02,max_verstappen,0.16371571072319202,4
2022-02,leclerc,0.13977556109725686,2
2022-02,sainz,0.12206982543640897,3
2022-02,perez,0.22605985037406484,1
2022-02,russell,0.05798004987531172,6
2022-02,ocon,0.04775561097256858,5
2022-02,norris,0.019825436408977555,11
2022-02,gasly,0.028304239401496258,9
2022-02,kevin_magnussen,0.012094763092269327,10
2022-02,hamilton,0.04251870324189526,15
2022-02,zhou,0.015336658354114713,12
2022-02,hulkenberg,0.007107231920199501,17
2022-02,stroll,0.011097256857855361,13
2022-02,albon,0.010099750623441397,16
2022-02,bottas,0.03229426433915212,8
2022-02,alonso,0.03428927680798005,7
2022-02,ricciardo,0.012842892768079801,14
2022-02,latifi,0.003366583541147132,18
2022-02,tsunoda,0.010099750623441397,19
2022-02,mick_schumacher,0.003366583541147132,20
2022-03,leclerc,0.2911471321695761,1
2022-03,perez,0.2056109725685786,3
2022-03,russell,0.025810473815461355,6
2022-03,hamilton,0.09014962593516211,5
2022-03,norris,0.024064837905236915,4
2022-03,ricciardo,0.0056109725685785546,7
2022-03,ocon,0.006109725685785538,8
2022-03,bottas,0.005361596009975063,12
2022-03,gasly,0.004862842892768081,11
2022-03,albon,0.00012468827930174565,20
2022-03,zhou,0.001122194513715711,14
2022-03,stroll,0.0006234413965087283,19
2022-03,mick_schumacher,0.0006234413965087283,15
2022-03,kevin_magnussen,0.00012468827930174565,16
2022-03,tsunoda,0.001870324189526185,13
2022-03,latifi,0.000374064837905237,18
2022-03,alonso,0.004613466334164589,10
2022-03,max_verstappen,0.30685785536159604,2
2022-03,vettel,0.00012468827930174565,17
2022-03,sainz,0.02481296758104739,9
2022-04,max_verstappen,0.30561097256857855,1
2022-04,perez,0.1639650872817955,3
2022-04,norris,0.02680798004987531,5
2022-04,russell,0.019825436408977555,11
2022-04,bottas,0.01658354114713217,7
2022-04,leclerc,0.2238154613466334,2
2022-04,tsunoda,0.008104738154613466,12
2022-04,vettel,0.005361596009975062,13
2022-04,kevin_magnussen,0.006109725685785536,8
2022-04,stroll,0.0046134663341645885,15
2022-04,albon,0.0036159600997506237,18
2022-04,gasly,0.00685785536159601,17
2022-04,hamilton,0.02855361596009975,14
2022-04,ocon,0.00885286783042394,16
2022-04,zhou,0.00486284289276808,20
2022-04,latifi,0.0016209476309226932,19
2022-04,mick_schumacher,0.0038653366583541147,10
2022-04,ricciardo,0.020074812967581047,6
2022-04,alonso,0.014588528678304239,9
2022-04,sainz,0.12630922693266833,4
2022-05,max_verstappen,0.21458852867830425,3
2022-05,leclerc,0.29463840399002494,1
2022-05,sainz,0.1983790523690773,2
2022-05,perez,0.14825436408977555,4
2022-05,russell,0.010349127182044887,12
2022-05,hamilton,0.050997506234413965,6
2022-05,bottas,0.023316708229426435,5
2022-05,ocon,0.003117206982543641,20
2022-05,albon,0.0008728179551122195,18
2022-05,stroll,0.002119700748129676,20
2022-05,alonso,0.00486284289276808,11
2022-05,tsunoda,0.01084788029925187,9
2022-05,ricciardo,0.00486284289276808,14
2022-05,latifi,0.0008728179551122195,19
2022-05,mick_schumacher,0.0011221945137157108,15
2022-05,kevin_magnussen,0.002119700748129676,16
2022-05,vettel,0.0016209476309226932,20
2022-05,gasly,0.009600997506234414,7
2022-05,norris,0.015336658354114713,8
2022-05,zhou,0.002119700748129676,17
2022-06,max_verstappen,0.3091022443890275,2
2022-06,perez,0.10710723192019951,5
2022-06,russell,0.031047381546134668,4
2022-06,sainz,0.1564837905236908,3
2022-06,hamilton,0.030299251870324194,6
2022-06,bottas,0.007107231920199502,7
2022-06,ocon,0.0018703241895261847,12
2022-06,norris,0.00286783042394015,11
2022-06,alonso,0.0006234413965087283,20
2022-06,tsunoda,0.0016209476309226934,13
2022-06,vettel,0.0006234413965087283,16
2022-06,ricciardo,0.0023690773067331673,9
2022-06,gasly,0.001122194513715711,14
2022-06,mick_schumacher,0.001122194513715711,10
2022-06,stroll,0.0006234413965087283,17
2022-06,latifi,0.00012468827930174565,19
2022-06,kevin_magnussen,0.0018703241895261847,8
2022-06,albon,0.0008728179551122196,18
2022-06,zhou,0.0006234413965087283,15
2022-06,leclerc,0.3425187032418953,1
2022-07,perez,0.19089775561097258,3
2022-07,sainz,0.20660847880299252,2
2022-07,max_verstappen,0.1697007481296758,4
2022-07,leclerc,0.349501246882793,1
2022-07,russell,0.022069825436408976,6
2022-07,norris,0.019825436408977555,5
2022-07,alonso,0.007356608478802993,7
2022-07,hamilton,0.02057356608478803,8
2022-07,bottas,0.0038653366583541147,12
2022-07,vettel,0.001371571072319202,9
2022-07,gasly,0.0006234413965087282,17
2022-07,ocon,0.0028678304239401495,10
2022-07,ricciardo,0.0003740648379052369,14
2022-07,stroll,0.00012468827930174563,18
2022-07,latifi,0.00012468827930174563,19
2022-07,zhou,0.00012468827930174563,20
2022-07,tsunoda,0.002369077306733167,11
2022-07,albon,0.0008728179551122195,16
2022-07,mick_schumacher,0.0003740648379052369,15
2022-07,kevin_magnussen,0.0003740648379052369,13
2022-08,max_verstappen,0.22506234413965093,3
2022-08,perez,0.23852867830423946,2
2022-08,russell,0.036284289276807984,5
2022-08,hamilton,0.03553615960099751,7
2022-08,gasly,0.007356608478802994,6
2022-08,vettel,0.004364089775561098,9
2022-08,alonso,0.006608478802992521,10
2022-08,ricciardo,0.006359102244389029,12
2022-08,norris,0.010099750623441399,11
2022-08,ocon,0.0036159600997506245,13
2022-08,bottas,0.003117206982543642,15
2022-08,albon,0.002618453865336659,17
2022-08,tsunoda,0.0051122194513715715,8
2022-08,mick_schumacher,0.0008728179551122197,20
2022-08,latifi,0.000374064837905237,18
2022-08,stroll,0.0016209476309226936,19
2022-08,kevin_magnussen,0.002618453865336659,16
2022-08,zhou,0.001870324189526185,14
2022-08,leclerc,0.2769326683291771,1
2022-08,sainz,0.13104738154613468,4
2022-09,max_verstappen,0.5180798004987531,1
2022-09,sainz,0.24351620947630923,3
2022-09,hamilton,0.09538653366583541,4
2022-09,russell,0.029052369077306732,8
2022-09,leclerc,0.004364089775561097,19
2022-09,ocon,0.01084788029925187,7
2022-09,bottas,0.0028678304239401495,11
2022-09,zhou,0.003366583541147132,10
2022-09,alonso,0.06296758104738155,2
2022-09,stroll,0.0003740648379052369,17
2022-09,ricciardo,0.007855361596009976,9
2022-09,vettel,0.0003740648379052369,16
2022-09,albon,0.0008728179551122195,12
2022-09,gasly,0.00012468827930174563,15
2022-09,norris,0.0003740648379052369,14
2022-09,latifi,0.00012468827930174563,18
2022-09,kevin_magnussen,0.00685785536159601,5
2022-09,tsunoda,0.0003740648379052369,20
2022-09,mick_schumacher,0.0036159600997506237,6
2022-09,perez,0.00860349127182045,13
2022-10,sainz,0.2582294264339153,1
2022-10,perez,0.14576059850374068,4
2022-10,hamilton,0.05074812967581048,5
2022-10,leclerc,0.19812967581047383,3
2022-10,alonso,0.006109725685785537,7
2022-10,norris,0.008104738154613468,6
2022-10,max_verstappen,0.2938902743142145,2
2022-10,mick_schumacher,0.0006234413965087283,19
2022-10,vettel,0.0006234413965087283,18
2022-10,kevin_magnussen,0.00037406483790523696,17
2022-10,stroll,0.0006234413965087283,20
2022-10,latifi,0.00037406483790523696,10
2022-10,ricciardo,0.0008728179551122196,14
2022-10,tsunoda,0.001122194513715711,13
2022-10,ocon,0.0021197007481296762,15
2022-10,gasly,0.0018703241895261847,11
2022-10,bottas,0.0031172069825436415,12
2022-10,russell,0.023067331670822946,8
2022-10,zhou,0.003865336658354115,9
2022-10,albon,0.00037406483790523696,16
2022-11,leclerc,0.2719451371571072,2
2022-11,max_verstappen,0.34002493765586034,1
2022-11,hamilton,0.02057356608478803,8
2022-11,russell,0.06521197007481297,4
2022-11,ocon,0.009600997506234414,6
2022-11,mick_schumacher,0.001371571072319202,9
2022-11,norris,0.0038653366583541147,10
2022-11,kevin_magnussen,0.0011221945137157108,7
2022-11,ricciardo,0.0008728179551122195,11
2022-11,alonso,0.0003740648379052369,19
2022-11,bottas,0.00012468827930174563,20
2022-11,albon,0.0008728179551122195,15
2022-11,stroll,0.00012468827930174563,12
2022-11,zhou,0.002119700748129676,13
2022-11,gasly,0.002119700748129676,14
2022-11,tsunoda,0.0003740648379052369,16
2022-11,vettel,0.0003740648379052369,18
2022-11,sainz,0.18765586034912718,3
2022-11,latifi,0.00012468827930174563,17
2022-11,perez,0.09114713216957605,5
2022-12,max_verstappen,0.2734413965087282,2
2022-12,hamilton,0.08491271820448877,4
2022-12,russell,0.03753117206982544,6
2022-12,perez,0.13653366583541146,3
2022-12,sainz,0.011346633416458854,19
2022-12,alonso,0.008104738154613466,7
2022-12,norris,0.02057356608478803,5
2022-12,ocon,0.0046134663341645885,10
2022-12,ricciardo,0.004364089775561097,9
2022-12,stroll,0.00012468827930174563,15
2022-12,vettel,0.0018703241895261845,12
2022-12,gasly,0.0011221945137157108,14
2022-12,albon,0.0006234413965087282,13
2022-12,bottas,0.0016209476309226932,11
2022-12,mick_schumacher,0.0011221945137157108,17
2022-12,zhou,0.0008728179551122195,16
2022-12,latifi,0.00012468827930174563,18
2022-12,kevin_magnussen,0.0003740648379052369,20
2022-12,leclerc,0.40586034912718205,1
2022-12,tsunoda,0.00486284289276808,8
2022-13,max_verstappen,0.06197007481296759,10
2022-13,hamilton,0.06221945137157108,7
2022-13,russell,0.20586034912718207,1
2022-13,sainz,0.2841645885286784,2
2022-13,perez,0.0330423940149626,11
2022-13,leclerc,0.23229426433915215,3
2022-13,norris,0.03728179551122195,4
2022-13,alonso,0.024064837905236912,6
2022-13,ocon,0.022568578553615964,5
2022-13,vettel,0.0018703241895261847,18
2022-13,stroll,0.0031172069825436415,14
2022-13,gasly,0.0013715710723192023,20
2022-13,zhou,0.0033665835411471326,12
2022-13,mick_schumacher,0.001122194513715711,15
2022-13,ricciardo,0.009351620947630925,9
2022-13,kevin_magnussen,0.002618453865336659,13
2022-13,albon,0.0008728179551122196,17
2022-13,latifi,0.0008728179551122196,19
2022-13,tsunoda,0.0018703241895261847,16
2022-13,bottas,0.010099750623441399,8
2022-14,max_verstappen,0.045012468827930176,14
2022-14,perez,0.22680798004987532,2
2022-14,sainz,0.3889027431421446,1
2022-14,russell,0.08266832917705735,5
2022-14,alonso,0.033042394014962596,3
2022-14,leclerc,0.04451371571072319,15
2022-14,ocon,0.0028678304239401495,16
2022-14,vettel,0.005361596009975062,10
2022-14,gasly,0.002369077306733167,20
2022-14,albon,0.005361596009975062,6
2022-14,stroll,0.005610972568578554,9
2022-14,norris,0.00486284289276808,17
2022-14,tsunoda,0.001371571072319202,20
2022-14,zhou,0.001371571072319202,18
2022-14,ricciardo,0.010099750623441397,7
2022-14,kevin_magnussen,0.003117206982543641,12
2022-14,mick_schumacher,0.0003740648379052369,19
2022-14,latifi,0.0011221945137157108,11
2022-14,bottas,0.0018703241895261845,13
2022-14,hamilton,0.1332917705735661,4
2022-15,max_verstappen,0.3420199501246883,1
2022-15,russell,0.05049875311720698,6
2022-15,leclerc,0.2275561097256858,2
2022-15,hamilton,0.09663341645885287,4
2022-15,perez,0.07319201995012468,5
2022-15,alonso,0.0036159600997506237,13
2022-15,norris,0.009850374064837904,7
2022-15,sainz,0.17668329177057357,3
2022-15,ocon,0.002119700748129676,12
2022-15,stroll,0.0036159600997506237,10
2022-15,gasly,0.0026184538653366584,11
2022-15,albon,0.0003740648379052369,15
2022-15,mick_schumacher,0.0028678304239401495,8
2022-15,vettel,0.0008728179551122195,19
2022-15,kevin_magnussen,0.0006234413965087282,18
2022-15,zhou,0.0003740648379052369,14
2022-15,ricciardo,0.0016209476309226932,17
2022-15,latifi,0.0006234413965087282,20
2022-15,bottas,0.0011221945137157108,16
2022-15,tsunoda,0.003117206982543641,9
2022-16,max_verstappen,0.10012468827930178,7
2022-16,leclerc,0.3938902743142146,1
2022-16,russell,0.2430174563591023,2
2022-16,sainz,0.023815461346633423,18
2022-16,hamilton,0.015586034912718209,19
2022-16,perez,0.031296758104738163,13
2022-16,norris,0.06122194513715712,3
2022-16,gasly,0.019077306733167085,5
2022-16,de_vries,0.008104738154613468,8
2022-16,zhou,0.009600997506234416,9
2022-16,ocon,0.007605985037406486,14
2022-16,mick_schumacher,0.0023690773067331673,17
2022-16,bottas,0.0036159600997506245,15
2022-16,tsunoda,0.0016209476309226936,20
2022-16,latifi,0.0023690773067331673,10
2022-16,kevin_magnussen,0.0021197007481296762,16
2022-16,ricciardo,0.030299251870324197,4
2022-16,stroll,0.005860349127182047,12
2022-16,alonso,0.02905236907730674,6
2022-16,vettel,0.009351620947630925,11
2022-17,perez,0.2337905236907731,2
2022-17,leclerc,0.3569825436408978,1
2022-17,sainz,0.14401496259351623,4
2022-17,norris,0.01458852867830424,6
2022-17,ricciardo,0.0006234413965087283,16
2022-17,stroll,0.0008728179551122196,11
2022-17,max_verstappen,0.06720698254364091,8
2022-17,vettel,0.0023690773067331673,13
2022-17,hamilton,0.1455112219451372,3
2022-17,gasly,0.0051122194513715715,7
2022-17,bottas,0.0006234413965087283,15
2022-17,kevin_magnussen,0.0033665835411471326,9
2022-17,mick_schumacher,0.0018703241895261847,12
2022-17,russell,0.004114713216957607,20
2022-17,tsunoda,0.0031172069825436415,10
2022-17,ocon,0.0021197007481296762,17
2022-17,albon,0.0006234413965087283,18
2022-17,alonso,0.011845386533665837,5
2022-17,latifi,0.00037406483790523696,19
2022-17,zhou,0.0008728179551122196,14
2022-18,max_verstappen,0.3148379052369077,1
2022-18,perez,0.12556109725685782,4
2022-18,leclerc,0.23603491271820443,2
2022-18,ocon,0.01882793017456359,5
2022-18,hamilton,0.05274314214463839,6
2022-18,vettel,0.008354114713216955,9
2022-18,alonso,0.011845386533665831,7
2022-18,russell,0.030798004987531165,8
2022-18,latifi,0.0011221945137157106,20
2022-18,norris,0.009351620947630921,10
2022-18,ricciardo,0.0058603491271820435,11
2022-18,stroll,0.002618453865336658,19
2022-18,tsunoda,0.001870324189526184,13
2022-18,kevin_magnussen,0.0023690773067331665,18
2022-18,bottas,0.004114713216957605,12
2022-18,zhou,0.0033665835411471313,14
2022-18,mick_schumacher,0.0033665835411471313,15
2022-18,gasly,0.001870324189526184,17
2022-18,sainz,0.1634663341645885,3
2022-18,albon,0.0016209476309226927,16
2022-19,max_verstappen,0.3380299251870324,2
2022-19,hamilton,0.10960099750623441,3
2022-19,leclerc,0.039526184538653364,12
2022-19,perez,0.053491271820448875,9
2022-19,russell,0.08092269326683292,4
2022-19,norris,0.011845386533665835,6
2022-19,alonso,0.004114713216957606,14
2022-19,vettel,0.003117206982543641,10
2022-19,kevin_magnussen,0.0006234413965087282,13
2022-19,tsunoda,0.0008728179551122195,19
2022-19,ocon,0.001371571072319202,20
2022-19,zhou,0.0006234413965087282,18
2022-19,albon,0.0018703241895261845,8
2022-19,gasly,0.0026184538653366584,11
2022-19,mick_schumacher,0.0003740648379052369,16
2022-19,ricciardo,0.0018703241895261845,15
2022-19,latifi,0.0003740648379052369,17
2022-19,stroll,0.01084788029925187,5
2022-19,bottas,0.0038653366583541147,7
2022-19,sainz,0.3340399002493766,1
2022-20,max_verstappen,0.38391521197007483,1
2022-20,hamilton,0.11658354114713217,3
2022-20,perez,0.1475062344139651,4
2022-20,russell,0.13728179551122194,2
2022-20,sainz,0.10910224438902744,5
2022-20,leclerc,0.06845386533665836,7
2022-20,ricciardo,0.003366583541147132,11
2022-20,ocon,0.006109725685785536,10
2022-20,norris,0.007855361596009976,8
2022-20,bottas,0.005361596009975062,6
2022-20,gasly,0.0026184538653366584,14
2022-20,albon,0.0006234413965087282,17
2022-20,zhou,0.0016209476309226932,12
2022-20,vettel,0.0011221945137157108,16
2022-20,stroll,0.0003740648379052369,20
2022-20,mick_schumacher,0.0006234413965087282,15
2022-20,kevin_magnussen,0.0006234413965087282,19
2022-20,latifi,0.00012468827930174563,18
2022-20,alonso,0.004364089775561097,9
2022-20,tsunoda,0.002369077306733167,13
2022-21,russell,0.18640897755610975,1
2022-21,hamilton,0.15748129675810477,2
2022-21,sainz,0.08017456359102246,7
2022-21,leclerc,0.12306733167082295,5
2022-21,alonso,0.003865336658354115,17
2022-21,max_verstappen,0.23503740648379054,3
2022-21,perez,0.15299251870324193,4
2022-21,ocon,0.006109725685785537,16
2022-21,bottas,0.0023690773067331673,14
2022-21,stroll,0.004114713216957607,15
2022-21,vettel,0.011596009975062346,9
2022-21,zhou,0.0008728179551122196,13
2022-21,mick_schumacher,0.0008728179551122196,12
2022-21,gasly,0.005860349127182046,10
2022-21,albon,0.0016209476309226934,19
2022-21,latifi,0.0006234413965087283,18
2022-21,tsunoda,0.0006234413965087283,20
2022-21,norris,0.016583541147132175,6
2022-21,kevin_magnussen,0.003865336658354115,8
2022-21,ricciardo,0.005860349127182046,11
2022-22,max_verstappen,0.35448877805486284,1
2022-22,leclerc,0.15249376558603492,3
2022-22,perez,0.21932668329177057,2
2022-22,sainz,0.12256857855361596,4
2022-22,russell,0.05124688279301746,6
2022-22,norris,0.005860349127182045,7
2022-22,ocon,0.005361596009975062,8
2022-22,stroll,0.0011221945137157108,14
2022-22,ricciardo,0.0011221945137157108,13
2022-22,vettel,0.0028678304239401495,9
2022-22,tsunoda,0.0016209476309226932,11
2022-22,zhou,0.0011221945137157108,15
2022-22,albon,0.0008728179551122195,19
2022-22,gasly,0.0006234413965087282,17
2022-22,bottas,0.0016209476309226932,18
2022-22,mick_schumacher,0.0008728179551122195,12
2022-22,kevin_magnussen,0.00012468827930174563,16
2022-22,hamilton,0.07369077306733167,5
2022-22,latifi,0.00012468827930174563,20
2022-22,alonso,0.0028678304239401495,10
2023-01,max_verstappen,0.3048628428927681,1
2023-01,perez,0.21982543640897756,2
2023-01,alonso,0.015586034912718205,5
2023-01,sainz,0.11957605985037406,4
2023-01,hamilton,0.05498753117206982,7
2023-01,stroll,0.008354114713216957,8
2023-01,russell,0.0726932668329177,6
2023-01,bottas,0.003366583541147132,12
2023-01,gasly,0.001371571072319202,20
2023-01,albon,0.001371571072319202,15
2023-01,tsunoda,0.005112219451371571,14
2023-01,sargeant,0.001371571072319202,16
2023-01,kevin_magnussen,0.002119700748129676,17
2023-01,de_vries,0.0011221945137157108,19
2023-01,hulkenberg,0.003117206982543641,10
2023-01,zhou,0.003117206982543641,13
2023-01,norris,0.006109725685785536,11
2023-01,ocon,0.009600997506234414,9
2023-01,leclerc,0.16321695760598504,3
2023-01,piastri,0.003117206982543641,18
2023-02,perez,0.3205735660847881,1
2023-02,max_verstappen,0.04102244389027432,15
2023-02,alonso,0.08541147132169577,2
2023-02,russell,0.1537406483790524,3
2023-02,hamilton,0.06496259351620949,7
2023-02,sainz,0.12755610972568582,4
2023-02,leclerc,0.03728179551122195,12
2023-02,ocon,0.032044887780548634,6
2023-02,gasly,0.018578553615960103,9
2023-02,kevin_magnussen,0.005361596009975063,13
2023-02,tsunoda,0.01234413965087282,16
2023-02,hulkenberg,0.011845386533665837,10
2023-02,zhou,0.010099750623441399,11
2023-02,de_vries,0.003865336658354115,18
2023-02,piastri,0.014089775561097258,8
2023-02,sargeant,0.00012468827930174565,20
2023-02,norris,0.0068578553615960105,19
2023-02,bottas,0.01034912718204489,14
2023-02,albon,0.004862842892768081,17
2023-02,stroll,0.03902743142144639,5
2023-03,max_verstappen,0.452992518703242,1
2023-03,hamilton,0.14226932668329179,3
2023-03,alonso,0.039276807980049885,4
2023-03,stroll,0.01957605985037407,6
2023-03,perez,0.0073566084788029935,20
2023-03,norris,0.0021197007481296762,13
2023-03,hulkenberg,0.0013715710723192023,10
2023-03,piastri,0.00037406483790523696,16
2023-03,zhou,0.0006234413965087283,17
2023-03,tsunoda,0.0023690773067331673,12
2023-03,bottas,0.0008728179551122196,19
2023-03,sainz,0.08167082294264341,5
2023-03,gasly,0.005361596009975063,9
2023-03,ocon,0.004862842892768081,11
2023-03,de_vries,0.001122194513715711,15
2023-03,sargeant,0.00012468827930174565,18
2023-03,kevin_magnussen,0.0008728179551122196,14
2023-03,russell,0.19413965087281798,2
2023-03,albon,0.002618453865336659,8
2023-03,leclerc,0.040024937655860356,7
2023-04,perez,0.20536159600997506,3
2023-04,max_verstappen,0.27693266832917707,2
2023-04,leclerc,0.20236907730673317,1
2023-04,alonso,0.031795511221945134,6
2023-04,sainz,0.11109725685785536,4
2023-04,hamilton,0.07593516209476309,5
2023-04,stroll,0.015336658354114713,9
2023-04,russell,0.029052369077306732,11
2023-04,norris,0.014837905236907731,7
2023-04,tsunoda,0.005860349127182045,8
2023-04,piastri,0.004114713216957606,10
2023-04,albon,0.0026184538653366584,12
2023-04,kevin_magnussen,0.002119700748129676,16
2023-04,gasly,0.003366583541147132,17
2023-04,ocon,0.007605985037406484,19
2023-04,sargeant,0.0008728179551122195,14
2023-04,hulkenberg,0.003117206982543641,20
2023-04,bottas,0.0026184538653366584,13
2023-04,zhou,0.0046134663341645885,15
2023-04,de_vries,0.0003740648379052369,18
2023-05,max_verstappen,0.06296758104738155,9
2023-05,perez,0.44775561097256855,1
2023-05,alonso,0.1273067331670823,2
2023-05,russell,0.06371571072319202,6
2023-05,sainz,0.164214463840399,3
2023-05,hamilton,0.015835411471321694,13
2023-05,leclerc,0.056234413965087285,7
2023-05,gasly,0.026558603491271822,5
2023-05,ocon,0.010349127182044887,8
2023-05,kevin_magnussen,0.011596009975062344,4
2023-05,tsunoda,0.00012468827930174563,17
2023-05,stroll,0.0028678304239401495,18
2023-05,bottas,0.002369077306733167,10
2023-05,albon,0.0026184538653366584,11
2023-05,hulkenberg,0.0011221945137157108,12
2023-05,zhou,0.0011221945137157108,14
2023-05,norris,0.001371571072319202,16
2023-05,de_vries,0.0003740648379052369,15
2023-05,piastri,0.001371571072319202,19
2023-05,sargeant,0.00012468827930174563,20
2023-06,max_verstappen,0.4442643391521197,1
2023-06,alonso,0.1300498753117207,2
2023-06,ocon,0.05399002493765586,3
2023-06,hamilton,0.08790523690773068,5
2023-06,russell,0.038778054862842894,8
2023-06,leclerc,0.06496259351620948,6
2023-06,gasly,0.017082294264339153,7
2023-06,sainz,0.11708229426433915,4
2023-06,norris,0.006359102244389027,10
2023-06,piastri,0.0036159600997506237,11
2023-06,bottas,0.002119700748129676,15
2023-06,de_vries,0.001371571072319202,12
2023-06,zhou,0.0008728179551122195,19
2023-06,albon,0.0018703241895261845,13
2023-06,tsunoda,0.00486284289276808,9
2023-06,perez,0.015087281795511222,20
2023-06,hulkenberg,0.0008728179551122195,18
2023-06,sargeant,0.00012468827930174563,16
2023-06,kevin_magnussen,0.001371571072319202,17
2023-06,stroll,0.007356608478802993,14
2023-07,max_verstappen,0.4579800498753117,1
2023-07,hamilton,0.10311720698254365,4
2023-07,russell,0.02406483790523691,12
2023-07,perez,0.044014962593516206,11
2023-07,sainz,0.19638403990024939,2
2023-07,stroll,0.040773067331670826,5
2023-07,alonso,0.02032418952618454,8
2023-07,ocon,0.03254364089775561,6
2023-07,zhou,0.0018703241895261845,13
2023-07,gasly,0.014588528678304239,10
2023-07,leclerc,0.010099750623441397,19
2023-07,tsunoda,0.0028678304239401495,15
2023-07,piastri,0.0036159600997506237,9
2023-07,de_vries,0.0003740648379052369,14
2023-07,hulkenberg,0.005610972568578554,7
2023-07,albon,0.0008728179551122195,18
2023-07,norris,0.037281795511221946,3
2023-07,kevin_magnussen,0.001371571072319202,17
2023-07,bottas,0.0016209476309226932,16
2023-07,sargeant,0.0006234413965087282,20
2023-08,max_verstappen,0.4592269326683291,1
2023-08,alonso,0.11458852867830421,2
2023-08,hamilton,0.14750623441396507,3
2023-08,leclerc,0.024563591022443883,10
2023-08,sainz,0.024563591022443883,11
2023-08,perez,0.03179551122194513,12
2023-08,albon,0.004862842892768079,9
2023-08,ocon,0.02830423940149625,6
2023-08,stroll,0.002618453865336658,16
2023-08,bottas,0.0011221945137157106,14
2023-08,piastri,0.008603491271820448,8
2023-08,gasly,0.002618453865336658,15
2023-08,norris,0.018079800498753115,7
2023-08,tsunoda,0.001870324189526184,19
2023-08,hulkenberg,0.009850374064837903,5
2023-08,zhou,0.0003740648379052368,20
2023-08,kevin_magnussen,0.0013715710723192019,13
2023-08,de_vries,0.0013715710723192019,17
2023-08,russell,0.11658354114713214,4
2023-08,sargeant,0.0001246882793017456,18
2023-09,max_verstappen,0.4307980049875312,1
2023-09,leclerc,0.19089775561097258,2
2023-09,perez,0.015087281795511222,15
2023-09,norris,0.027556109725685785,4
2023-09,alonso,0.027057356608478803,7
2023-09,sainz,0.15074812967581047,3
2023-09,russell,0.01683291770573566,11
2023-09,hamilton,0.08266832917705735,5
2023-09,stroll,0.027306733167082296,6
2023-09,gasly,0.009600997506234414,9
2023-09,albon,0.0016209476309226932,10
2023-09,zhou,0.0008728179551122195,17
2023-09,sargeant,0.001371571072319202,18
2023-09,ocon,0.00486284289276808,12
2023-09,bottas,0.0008728179551122195,14
2023-09,piastri,0.004114713216957606,13
2023-09,de_vries,0.0008728179551122195,20
2023-09,kevin_magnussen,0.0008728179551122195,19
2023-09,tsunoda,0.0028678304239401495,16
2023-09,hulkenberg,0.003117206982543641,8
2023-10,max_verstappen,0.4337905236907731,1
2023-10,norris,0.06471321695760598,2
2023-10,hamilton,0.06172069825436409,7
2023-10,piastri,0.03678304239401496,3
2023-10,russell,0.0672069825436409,6
2023-10,perez,0.033541147132169574,15
2023-10,alonso,0.02630922693266833,9
2023-10,albon,0.008104738154613466,8
2023-10,leclerc,0.12032418952618454,4
2023-10,sainz,0.09264339152119701,5
2023-10,sargeant,0.002369077306733167,14
2023-10,bottas,0.0011221945137157108,20
2023-10,hulkenberg,0.004364089775561097,11
2023-10,stroll,0.014089775561097256,12
2023-10,zhou,0.003117206982543641,17
2023-10,tsunoda,0.002369077306733167,16
2023-10,de_vries,0.0011221945137157108,18
2023-10,gasly,0.01633416458852868,10
2023-10,kevin_magnussen,0.0008728179551122195,19
2023-10,ocon,0.00910224438902743,13
2023-11,max_verstappen,0.34551122194513717,2
2023-11,norris,0.07244389027431422,3
2023-11,perez,0.064214463840399,9
2023-11,hamilton,0.24276807980049875,1
2023-11,piastri,0.05548628428927681,4
2023-11,russell,0.00860349127182045,18
2023-11,leclerc,0.07119700748129676,6
2023-11,sainz,0.031047381546134664,11
2023-11,alonso,0.03927680798004988,8
2023-11,stroll,0.009850374064837904,14
2023-11,albon,0.002119700748129676,16
2023-11,bottas,0.00885286783042394,7
2023-11,ricciardo,0.002369077306733167,13
2023-11,hulkenberg,0.004364089775561097,10
2023-11,tsunoda,0.0026184538653366584,17
2023-11,zhou,0.017082294264339153,5
2023-11,kevin_magnussen,0.001371571072319202,19
2023-11,sargeant,0.0018703241895261845,20
2023-11,ocon,0.011097256857855361,12
2023-11,gasly,0.007855361596009976,15
2023-12,max_verstappen,0.15773067331670823,6
2023-12,perez,0.28017456359102244,2
2023-12,leclerc,0.20286783042394016,1
2023-12,hamilton,0.13628428927680797,3
2023-12,alonso,0.019576059850374066,9
2023-12,russell,0.029551122194513717,8
2023-12,norris,0.023316708229426435,7
2023-12,ocon,0.001371571072319202,14
2023-12,stroll,0.009600997506234414,10
2023-12,tsunoda,0.0028678304239401495,11
2023-12,gasly,0.003366583541147132,12
2023-12,bottas,0.0011221945137157108,13
2023-12,zhou,0.0003740648379052369,17
2023-12,albon,0.0006234413965087282,15
2023-12,kevin_magnussen,0.00012468827930174563,16
2023-12,ricciardo,0.0003740648379052369,19
2023-12,sargeant,0.0003740648379052369,18
2023-12,hulkenberg,0.00012468827930174563,20
2023-12,sainz,0.09912718204488778,4
2023-12,piastri,0.031047381546134664,5
2023-13,max_verstappen,0.420573566084788,1
2023-13,alonso,0.0669576059850374,5
2023-13,gasly,0.008354114713216957,12
2023-13,perez,0.08790523690773068,7
2023-13,sainz,0.05324189526184538,6
2023-13,hamilton,0.017830423940149626,13
2023-13,norris,0.0958852867830424,2
2023-13,albon,0.031047381546134664,4
2023-13,piastri,0.027306733167082296,8
2023-13,ocon,0.004114713216957606,16
2023-13,stroll,0.012344139650872818,11
2023-13,hulkenberg,0.003117206982543641,14
2023-13,lawson,0.0011221945137157108,19
2023-13,bottas,0.0018703241895261845,18
2023-13,tsunoda,0.0038653366583541147,17
2023-13,kevin_magnussen,0.0011221945137157108,20
2023-13,russell,0.11708229426433915,3
2023-13,zhou,0.0018703241895261845,15
2023-13,leclerc,0.03478802992518703,9
2023-13,sargeant,0.009600997506234414,10
2023-14,max_verstappen,0.35224438902743144,2
2023-14,perez,0.1268079800498753,5
2023-14,sainz,0.1614713216957606,1
2023-14,leclerc,0.09887780548628429,3
2023-14,russell,0.09039900249376559,4
2023-14,hamilton,0.041271820448877804,8
2023-14,albon,0.01907730673316708,6
2023-14,norris,0.0185785536159601,9
2023-14,alonso,0.02456359102244389,10
2023-14,bottas,0.005112219451371571,14
2023-14,lawson,0.0038653366583541147,12
2023-14,piastri,0.026558603491271822,7
2023-14,sargeant,0.003117206982543641,15
2023-14,zhou,0.003117206982543641,16
2023-14,gasly,0.004364089775561097,17
2023-14,stroll,0.004364089775561097,20
2023-14,hulkenberg,0.00486284289276808,13
2023-14,kevin_magnussen,0.0018703241895261845,19
2023-14,ocon,0.003366583541147132,18
2023-14,tsunoda,0.006109725685785536,11
2023-15,sainz,0.2574812967581047,1
2023-15,norris,0.08316708229426434,4
2023-15,hamilton,0.09339152119700748,5
2023-15,leclerc,0.14675810473815462,3
2023-15,max_verstappen,0.064214463840399,11
2023-15,gasly,0.01059850374064838,12
2023-15,piastri,0.005610972568578554,17
2023-15,perez,0.03653366583541147,13
2023-15,lawson,0.0046134663341645885,10
2023-15,kevin_magnussen,0.009600997506234414,6
2023-15,albon,0.00486284289276808,14
2023-15,zhou,0.0026184538653366584,19
2023-15,hulkenberg,0.007356608478802993,9
2023-15,sargeant,0.00012468827930174563,18
2023-15,alonso,0.04177057356608479,7
2023-15,russell,0.2041147132169576,2
2023-15,bottas,0.002119700748129676,16
2023-15,ocon,0.01907730673316708,8
2023-15,tsunoda,0.002119700748129676,15
2023-15,stroll,0.0038653366583541147,20
2023-16,max_verstappen,0.3973815461346635,1
2023-16,norris,0.08241895261845388,3
2023-16,piastri,0.07967581047381547,2
2023-16,leclerc,0.08566084788029926,4
2023-16,hamilton,0.05473815461346635,7
2023-16,sainz,0.05673316708229428,6
2023-16,russell,0.03802992518703242,8
2023-16,alonso,0.022319201995012472,10
2023-16,ocon,0.007107231920199503,14
2023-16,gasly,0.008852867830423942,12
2023-16,lawson,0.003366583541147133,11
2023-16,tsunoda,0.007356608478802994,9
2023-16,zhou,0.002618453865336659,19
2023-16,hulkenberg,0.0021197007481296762,18
2023-16,kevin_magnussen,0.003366583541147133,15
2023-16,albon,0.006857855361596011,13
2023-16,sargeant,0.002618453865336659,20
2023-16,stroll,0.006109725685785538,17
2023-16,perez,0.12880299251870328,5
2023-16,bottas,0.0038653366583541156,16
2023-17,max_verstappen,0.4298004987531172,1
2023-17,piastri,0.03827930174563591,6
2023-17,norris,0.019576059850374066,10
2023-17,russell,0.14102244389027432,2
2023-17,leclerc,0.06596009975062345,5
2023-17,alonso,0.06396508728179551,4
2023-17,ocon,0.016084788029925186,8
2023-17,bottas,0.007107231920199501,9
2023-17,zhou,0.0026184538653366584,19
2023-17,perez,0.008104738154613466,20
2023-17,stroll,0.005361596009975062,16
2023-17,gasly,0.021820448877805487,7
2023-17,albon,0.004364089775561097,13
2023-17,kevin_magnussen,0.0008728179551122195,18
2023-17,tsunoda,0.005860349127182045,11
2023-17,hulkenberg,0.003117206982543641,14
2023-17,lawson,0.002119700748129676,17
2023-17,sargeant,0.0016209476309226932,15
2023-17,hamilton,0.14576059850374065,3
2023-17,sainz,0.01658354114713217,12
2023-18,max_verstappen,0.1607231920199501,6
2023-18,norris,0.17344139650872817,2
2023-18,sainz,0.10211970074812968,4
2023-18,perez,0.05149625935162095,9
2023-18,russell,0.07169576059850374,5
2023-18,gasly,0.023316708229426435,7
2023-18,stroll,0.0028678304239401495,20
2023-18,tsunoda,0.0038653366583541147,11
2023-18,albon,0.001371571072319202,15
2023-18,sargeant,0.0028678304239401495,16
2023-18,hulkenberg,0.0006234413965087282,18
2023-18,bottas,0.003117206982543641,13
2023-18,zhou,0.004114713216957606,12
2023-18,kevin_magnussen,0.0008728179551122195,17
2023-18,ricciardo,0.0011221945137157108,14
2023-18,alonso,0.004114713216957606,19
2023-18,piastri,0.018329177057356608,10
2023-18,ocon,0.012094763092269327,8
2023-18,hamilton,0.15199501246882793,3
2023-18,leclerc,0.20985037406483792,1
2023-19,max_verstappen,0.2667082294264339,3
2023-19,hamilton,0.07069825436408977,6
2023-19,leclerc,0.21408977556109726,1
2023-19,sainz,0.16870324189526184,2
2023-19,norris,0.009351620947630923,17
2023-19,russell,0.03603491271820449,8
2023-19,ricciardo,0.01807980049875312,4
2023-19,piastri,0.04476309226932668,7
2023-19,albon,0.003366583541147132,14
2023-19,ocon,0.004114713216957606,15
2023-19,gasly,0.010349127182044887,11
2023-19,tsunoda,0.0018703241895261845,18
2023-19,hulkenberg,0.0028678304239401495,12
2023-19,zhou,0.0046134663341645885,10
2023-19,bottas,0.00486284289276808,9
2023-19,sargeant,0.0011221945137157108,19
2023-19,stroll,0.0026184538653366584,20
2023-19,alonso,0.007855361596009976,13
2023-19,kevin_magnussen,0.002119700748129676,16
2023-19,perez,0.12581047381546134,5
2023-20,max_verstappen,0.3841645885286783,1
2023-20,norris,0.0672069825436409,6
2023-20,alonso,0.04875311720698254,4
2023-20,perez,0.054488778054862845,9
2023-20,stroll,0.039526184538653364,3
2023-20,sainz,0.04725685785536159,7
2023-20,gasly,0.00885286783042394,15
2023-20,hamilton,0.09089775561097257,5
2023-20,tsunoda,0.005610972568578554,16
2023-20,ocon,0.00860349127182045,14
2023-20,sargeant,0.003366583541147132,19
2023-20,hulkenberg,0.0046134663341645885,11
2023-20,ricciardo,0.005112219451371571,17
2023-20,piastri,0.02680798004987531,10
2023-20,russell,0.053491271820448875,8
2023-20,bottas,0.004364089775561097,18
2023-20,zhou,0.002369077306733167,20
2023-20,kevin_magnussen,0.00486284289276808,12
2023-20,albon,0.008104738154613466,13
2023-20,leclerc,0.13154613466334164,2
2023-21,max_verstappen,0.3125935162094763,2
2023-21,leclerc,0.2013715710723192,1
2023-21,perez,0.05024937655860349,11
2023-21,ocon,0.00685785536159601,16
2023-21,stroll,0.014089775561097256,19
2023-21,sainz,0.03403990024937656,12
2023-21,hamilton,0.038029925187032416,10
2023-21,russell,0.11209476309226933,3
2023-21,alonso,0.04002493765586035,9
2023-21,piastri,0.02032418952618454,18
2023-21,gasly,0.04900249376558603,4
2023-21,albon,0.02281795511221945,5
2023-21,kevin_magnussen,0.011596009975062344,8
2023-21,ricciardo,0.00910224438902743,14
2023-21,zhou,0.005112219451371571,17
2023-21,sargeant,0.01907730673316708,6
2023-21,bottas,0.015336658354114713,7
2023-21,tsunoda,0.005610972568578554,20
2023-21,hulkenberg,0.006359102244389027,13
2023-21,norris,0.02630922693266833,15
2023-22,max_verstappen,0.43578553615960086,1
2023-22,leclerc,0.148503740648379,2
2023-22,russell,0.07892768079800497,4
2023-22,perez,0.04326683291770573,9
2023-22,norris,0.07194513715710722,5
2023-22,piastri,0.1320448877805486,3
2023-22,alonso,0.018578553615960097,7
2023-22,tsunoda,0.010598503740648378,6
2023-22,hamilton,0.02107231920199501,11
2023-22,stroll,0.00511221945137157,13
2023-22,ricciardo,0.0006234413965087281,15
2023-22,ocon,0.0058603491271820435,12
2023-22,gasly,0.008354114713216955,10
2023-22,albon,0.0021197007481296754,14
2023-22,hulkenberg,0.005610972568578553,8
2023-22,sargeant,0.0011221945137157106,20
2023-22,zhou,0.0011221945137157106,19
2023-22,sainz,0.006608478802992517,16
2023-22,bottas,0.0011221945137157106,18
2023-22,kevin_magnussen,0.0016209476309226927,17
2024-01,max_verstappen,0.3602244389027431,1
2024-01,perez,0.12107231920199499,5
2024-01,sainz,0.06770573566084787,4
2024-01,leclerc,0.12481296758104736,2
2024-01,russell,0.09139650872817953,3
2024-01,norris,0.05773067331670822,7
2024-01,hamilton,0.031047381546134657,9
2024-01,piastri,0.0355361596009975,8
2024-01,alonso,0.03753117206982543,6
2024-01,stroll,0.014339152119700745,12
2024-01,zhou,0.003615960099750623,17
2024-01,kevin_magnussen,0.001870324189526184,15
2024-01,ricciardo,0.009351620947630921,14
2024-01,tsunoda,0.013092269326683288,11
2024-01,albon,0.0058603491271820435,13
2024-01,hulkenberg,0.006109725685785534,10
2024-01,ocon,0.007356608478802991,19
2024-01,gasly,0.004114713216957605,20
2024-01,bottas,0.00311720698254364,16
2024-01,sargeant,0.004114713216957605,18
2024-02,max_verstappen,0.3440149625935162,1
2024-02,perez,0.17294264339152118,3
2024-02,leclerc,0.1440149625935162,2
2024-02,piastri,0.06770573566084788,5
2024-02,alonso,0.054488778054862845,4
2024-02,russell,0.04226932668329177,7
2024-02,bearman,0.01059850374064838,11
2024-02,norris,0.05972568578553616,6
2024-02,hamilton,0.035785536159601,8
2024-02,hulkenberg,0.0038653366583541147,15
2024-02,albon,0.00910224438902743,12
2024-02,kevin_magnussen,0.005361596009975062,13
2024-02,ocon,0.003117206982543641,17
2024-02,sargeant,0.0028678304239401495,19
2024-02,tsunoda,0.011097256857855361,9
2024-02,ricciardo,0.007855361596009976,14
2024-02,bottas,0.0028678304239401495,16
2024-02,zhou,0.003366583541147132,20
2024-02,stroll,0.016084788029925186,10
2024-02,gasly,0.0028678304239401495,18
2024-03,sainz,0.12258386332460408,2
2024-03,leclerc,0.08816560668412522,4
2024-03,norris,0.12008978675645343,3
2024-03,piastri,0.06222721037535853,5
2024-03,perez,0.0939019827908717,6
2024-03,stroll,0.017333832148646967,9
2024-03,tsunoda,0.004863449307893754,8
2024-03,alonso,0.01808205511909216,10
2024-03,hulkenberg,0.005362264621523881,16
2024-03,kevin_magnussen,0.0021199650829280465,14
2024-03,albon,0.004614041651078689,12
2024-03,ricciardo,0.0023693727397431107,18
2024-03,gasly,0.0036164110238184315,17
2024-03,bottas,0.002868188053373239,13
2024-03,zhou,0.003117595710188303,19
2024-03,ocon,0.0038658186806334958,15
2024-03,russell,0.03753585235066717,7
2024-03,hamilton,0.020576131687242802,11
2024-03,max_verstappen,0.3867065718917571,1
2024-04,max_verstappen,0.3385286783042394,1
2024-04,perez,0.2240648379052369,2
2024-04,sainz,0.08516209476309226,4
2024-04,leclerc,0.048503740648379055,8
2024-04,norris,0.1128428927680798,3
2024-04,alonso,0.03927680798004988,5
2024-04,russell,0.027556109725685785,9
2024-04,piastri,0.05374064837905237,6
2024-04,hamilton,0.03478802992518703,7
2024-04,tsunoda,0.005112219451371571,10
2024-04,hulkenberg,0.005361596009975062,12
2024-04,stroll,0.006359102244389027,16
2024-04,kevin_magnussen,0.002119700748129676,18
2024-04,bottas,0.002119700748129676,13
2024-04,ocon,0.002119700748129676,15
2024-04,gasly,0.002369077306733167,17
2024-04,sargeant,0.0018703241895261845,19
2024-04,zhou,0.0028678304239401495,20
2024-04,ricciardo,0.0036159600997506237,11
2024-04,albon,0.0016209476309226932,14
2024-05,max_verstappen,0.3961346633416459,1
2024-05,norris,0.09738154613466334,4
2024-05,perez,0.23628428927680797,2
2024-05,leclerc,0.05723192019950125,6
2024-05,sainz,0.043017456359102244,7
2024-05,russell,0.023067331670822942,8
2024-05,alonso,0.04900249376558603,3
2024-05,piastri,0.06820448877805486,5
2024-05,hamilton,0.00486284289276808,18
2024-05,hulkenberg,0.005860349127182045,9
2024-05,ocon,0.001371571072319202,13
2024-05,albon,0.001371571072319202,14
2024-05,gasly,0.0008728179551122195,15
2024-05,zhou,0.0006234413965087282,16
2024-05,stroll,0.007855361596009976,11
2024-05,kevin_magnussen,0.0008728179551122195,17
2024-05,sargeant,0.0011221945137157108,20
2024-05,ricciardo,0.0018703241895261845,12
2024-05,tsunoda,0.0008728179551122195,19
2024-05,bottas,0.002119700748129676,10
2024-06,norris,0.06770573566084788,5
2024-06,max_verstappen,0.42830423940149626,1
2024-06,leclerc,0.1607231920199501,2
2024-06,perez,0.1437655860349127,4
2024-06,sainz,0.11059850374064838,3
2024-06,hamilton,0.013840399002493765,8
2024-06,tsunoda,0.0016209476309226932,10
2024-06,russell,0.021072319201995014,7
2024-06,alonso,0.002119700748129676,15
2024-06,ocon,0.0016209476309226932,13
2024-06,hulkenberg,0.0026184538653366584,9
2024-06,gasly,0.0008728179551122195,12
2024-06,piastri,0.03653366583541147,6
2024-06,zhou,0.00012468827930174563,19
2024-06,ricciardo,0.0011221945137157108,20
2024-06,bottas,0.0008728179551122195,16
2024-06,stroll,0.005860349127182045,11
2024-06,albon,0.00012468827930174563,14
2024-06,kevin_magnussen,0.00012468827930174563,18
2024-06,sargeant,0.0003740648379052369,17
2024-07,max_verstappen,0.3527431421446385,1
2024-07,norris,0.1592269326683292,2
2024-07,leclerc,0.12655860349127185,3
2024-07,piastri,0.07418952618453867,5
2024-07,sainz,0.09513715710723193,4
2024-07,hamilton,0.028802992518703247,8
2024-07,russell,0.043516209476309235,6
2024-07,perez,0.034788029925187036,11
2024-07,stroll,0.013840399002493767,13
2024-07,tsunoda,0.013591022443890276,7
2024-07,hulkenberg,0.008603491271820451,10
2024-07,kevin_magnussen,0.003615960099750624,18
2024-07,ricciardo,0.009351620947630925,9
2024-07,ocon,0.00660847880299252,12
2024-07,zhou,0.004862842892768081,17
2024-07,gasly,0.004114713216957607,15
2024-07,sargeant,0.0018703241895261847,19
2024-07,bottas,0.0051122194513715715,16
2024-07,alonso,0.008104738154613468,20
2024-07,albon,0.005361596009975063,14
2024-08,leclerc,0.27668329177057355,1
2024-08,piastri,0.1871571072319202,2
2024-08,sainz,0.15174563591022444,3
2024-08,norris,0.13977556109725686,4
2024-08,russell,0.06321695760598504,5
2024-08,max_verstappen,0.10162094763092269,6
2024-08,hamilton,0.03054862842892768,7
2024-08,tsunoda,0.004364089775561097,8
2024-08,albon,0.006109725685785536,9
2024-08,gasly,0.003117206982543641,10
2024-08,alonso,0.005610972568578554,14
2024-08,ricciardo,0.0018703241895261845,12
2024-08,bottas,0.0003740648379052369,17
2024-08,stroll,0.005610972568578554,13
2024-08,sargeant,0.001371571072319202,15
2024-08,zhou,0.0006234413965087282,18
2024-08,ocon,0.003366583541147132,11
2024-08,perez,0.013840399002493765,16
2024-08,hulkenberg,0.0018703241895261845,19
2024-08,kevin_magnussen,0.0011221945137157108,20
2024-09,max_verstappen,0.3405236907730673,2
2024-09,norris,0.17718204488778055,3
2024-09,russell,0.21184538653366583,1
2024-09,hamilton,0.041271820448877804,7
2024-09,piastri,0.11034912718204488,4
2024-09,alonso,0.01807980049875312,6
2024-09,stroll,0.007107231920199501,9
2024-09,ricciardo,0.007605985037406484,5
2024-09,gasly,0.0016209476309226932,15
2024-09,ocon,0.0006234413965087282,18
2024-09,hulkenberg,0.0018703241895261845,17
2024-09,kevin_magnussen,0.0011221945137157108,14
2024-09,bottas,0.0011221945137157108,19
2024-09,tsunoda,0.0046134663341645885,8
2024-09,zhou,0.0011221945137157108,20
2024-09,sainz,0.021321695760598502,12
2024-09,albon,0.003366583541147132,10
2024-09,perez,0.020074812967581047,16
2024-09,leclerc,0.02805486284289277,11
2024-09,sargeant,0.0011221945137157108,13
2024-10,max_verstappen,0.2993765586034912,2
2024-10,norris,0.3103491271820448,1
2024-10,hamilton,0.11558603491271818,3
2024-10,russell,0.0894014962593516,4
2024-10,leclerc,0.057980049875311704,5
2024-10,sainz,0.04351620947630922,6
2024-10,piastri,0.03204488778054862,9
2024-10,perez,0.022568578553615957,11
2024-10,gasly,0.005610972568578553,7
2024-10,ocon,0.004862842892768079,8
2024-10,hulkenberg,0.0021197007481296754,13
2024-10,alonso,0.006359102244389026,10
2024-10,zhou,0.0013715710723192019,15
2024-10,stroll,0.0033665835411471313,14
2024-10,ricciardo,0.0016209476309226927,18
2024-10,bottas,0.0006234413965087281,12
2024-10,kevin_magnussen,0.0011221945137157106,16
2024-10,albon,0.0016209476309226927,20
2024-10,tsunoda,0.0001246882793017456,17
2024-10,sargeant,0.0003740648379052368,19
2024-11,russell,0.12032418952618454,3
2024-11,piastri,0.054488778054862845,7
2024-11,sainz,0.0756857855361596,4
2024-11,hamilton,0.0699501246882793,5
2024-11,max_verstappen,0.3305486284289277,1
2024-11,hulkenberg,0.00486284289276808,9
2024-11,perez,0.040773067331670826,8
2024-11,kevin_magnussen,0.0028678304239401495,12
2024-11,ricciardo,0.004114713216957606,11
2024-11,gasly,0.0036159600997506237,13
2024-11,leclerc,0.04600997506234414,6
2024-11,ocon,0.006359102244389027,10
2024-11,stroll,0.004364089775561097,17
2024-11,tsunoda,0.002369077306733167,14
2024-11,albon,0.0008728179551122195,16
2024-11,bottas,0.0011221945137157108,18
2024-11,zhou,0.0008728179551122195,20
2024-11,alonso,0.00486284289276808,15
2024-11,sargeant,0.0003740648379052369,19
2024-11,norris,0.22556109725685786,2
2024-12,hamilton,0.1711970074812968,2
2024-12,max_verstappen,0.17394014962593518,4
2024-12,norris,0.19438902743142147,3
2024-12,piastri,0.10261845386533668,5
2024-12,sainz,0.05349127182044888,7
2024-12,hulkenberg,0.01259351620947631,6
2024-12,stroll,0.012842892768079803,8
2024-12,alonso,0.009102244389027432,10
2024-12,albon,0.007107231920199502,9
2024-12,tsunoda,0.004114713216957607,13
2024-12,sargeant,0.00286783042394015,12
2024-12,kevin_magnussen,0.0033665835411471326,17
2024-12,ricciardo,0.0031172069825436415,15
2024-12,leclerc,0.02381546134663342,11
2024-12,bottas,0.0013715710723192023,16
2024-12,ocon,0.0008728179551122196,18
2024-12,perez,0.004114713216957607,20
2024-12,zhou,0.0018703241895261847,14
2024-12,russell,0.2163341645885287,1
2024-12,gasly,0.0008728179551122196,19
2024-13,piastri,0.2213216957605985,2
2024-13,norris,0.32630922693266834,1
2024-13,hamilton,0.0844139650872818,5
2024-13,leclerc,0.04625935162094763,6
2024-13,max_verstappen,0.18940149625935163,3
2024-13,sainz,0.07768079800498753,4
2024-13,perez,0.010349127182044887,16
2024-13,russell,0.011346633416458854,17
2024-13,tsunoda,0.002369077306733167,10
2024-13,stroll,0.005610972568578554,8
2024-13,alonso,0.013591022443890275,7
2024-13,ricciardo,0.0046134663341645885,9
2024-13,hulkenberg,0.0026184538653366584,11
2024-13,albon,0.0011221945137157108,13
2024-13,kevin_magnussen,0.0008728179551122195,15
2024-13,bottas,0.0008728179551122195,12
2024-13,sargeant,0.0003740648379052369,14
2024-13,ocon,0.0006234413965087282,19
2024-13,zhou,0.00012468827930174563,18
2024-13,gasly,0.00012468827930174563,20
2024-14,hamilton,0.15124688279301746,3
2024-14,piastri,0.13528678304239403,5
2024-14,leclerc,0.18391521197007482,1
2024-14,max_verstappen,0.039027431421446386,11
2024-14,norris,0.1816708229426434,4
2024-14,sainz,0.049251870324189526,7
2024-14,perez,0.14501246882793017,2
2024-14,alonso,0.010099750623441397,8
2024-14,ocon,0.002119700748129676,9
2024-14,ricciardo,0.002369077306733167,13
2024-14,stroll,0.0036159600997506237,15
2024-14,albon,0.0038653366583541147,10
2024-14,gasly,0.0006234413965087282,12
2024-14,kevin_magnussen,0.001371571072319202,17
2024-14,bottas,0.0011221945137157108,14
2024-14,tsunoda,0.0011221945137157108,20
2024-14,sargeant,0.0006234413965087282,18
2024-14,hulkenberg,0.0026184538653366584,16
2024-14,zhou,0.00012468827930174563,19
2024-14,russell,0.08491271820448877,6
2024-15,norris,0.263216957605985,1
2024-15,max_verstappen,0.17967581047381545,2
2024-15,leclerc,0.06396508728179551,6
2024-15,piastri,0.1589775561097257,3
2024-15,sainz,0.037281795511221946,10
2024-15,perez,0.07094763092269327,5
2024-15,russell,0.09887780548628429,4
2024-15,hamilton,0.02855361596009975,14
2024-15,gasly,0.012344139650872818,9
2024-15,alonso,0.019825436408977555,7
2024-15,hulkenberg,0.009850374064837904,12
2024-15,ricciardo,0.00685785536159601,13
2024-15,stroll,0.01683291770573566,8
2024-15,albon,0.0046134663341645885,19
2024-15,ocon,0.006359102244389027,15
2024-15,sargeant,0.004364089775561097,18
2024-15,tsunoda,0.010349127182044887,11
2024-15,kevin_magnussen,0.0038653366583541147,20
2024-15,bottas,0.0016209476309226932,16
2024-15,zhou,0.0016209476309226932,17
2024-16,leclerc,0.09788029925187032,4
2024-16,piastri,0.20835411471321696,2
2024-16,norris,0.31982543640897754,1
2024-16,sainz,0.06895261845386534,5
2024-16,hamilton,0.06172069825436409,6
2024-16,max_verstappen,0.05798004987531172,7
2024-16,russell,0.12256857855361596,3
2024-16,perez,0.026059850374064837,8
2024-16,albon,0.005860349127182045,9
2024-16,kevin_magnussen,0.003366583541147132,13
2024-16,alonso,0.00685785536159601,11
2024-16,colapinto,0.001371571072319202,18
2024-16,ricciardo,0.0026184538653366584,12
2024-16,ocon,0.0016209476309226932,15
2024-16,gasly,0.0026184538653366584,14
2024-16,bottas,0.0011221945137157108,19
2024-16,hulkenberg,0.004364089775561097,10
2024-16,zhou,0.0011221945137157108,20
2024-16,stroll,0.0026184538653366584,17
2024-16,tsunoda,0.003117206982543641,16
2024-17,piastri,0.28142144638403993,2
2024-17,leclerc,0.22780548628428932,1
2024-17,russell,0.10261845386533668,5
2024-17,norris,0.02381546134663342,15
2024-17,max_verstappen,0.08391521197007483,6
2024-17,alonso,0.013341645885286784,7
2024-17,albon,0.002618453865336659,9
2024-17,colapinto,0.002618453865336659,8
2024-17,hamilton,0.01832917705735661,19
2024-17,bearman,0.0056109725685785546,10
2024-17,hulkenberg,0.0016209476309226934,12
2024-17,gasly,0.0013715710723192023,18
2024-17,ricciardo,0.00286783042394015,14
2024-17,zhou,0.0006234413965087283,17
2024-17,ocon,0.001122194513715711,20
2024-17,bottas,0.0006234413965087283,16
2024-17,perez,0.09239401496259353,4
2024-17,sainz,0.12980049875311722,3
2024-17,stroll,0.004862842892768081,13
2024-17,tsunoda,0.002618453865336659,11
2024-18,norris,0.36421446384039907,1
2024-18,max_verstappen,0.193640897755611,2
2024-18,piastri,0.1046134663341646,5
2024-18,russell,0.10286783042394017,4
2024-18,leclerc,0.02381546134663342,9
2024-18,hamilton,0.13428927680798008,3
2024-18,sainz,0.023316708229426438,10
2024-18,alonso,0.01234413965087282,7
2024-18,hulkenberg,0.010598503740648382,6
2024-18,perez,0.012842892768079803,13
2024-18,colapinto,0.0023690773067331673,12
2024-18,tsunoda,0.003865336658354115,8
2024-18,ocon,0.0013715710723192023,15
2024-18,stroll,0.0016209476309226934,17
2024-18,zhou,0.00012468827930174565,20
2024-18,bottas,0.00037406483790523696,19
2024-18,gasly,0.0016209476309226934,18
2024-18,ricciardo,0.0006234413965087283,16
2024-18,kevin_magnussen,0.0013715710723192023,14
2024-18,albon,0.004114713216957607,11
2024-19,leclerc,0.09239401496259352,4
2024-19,sainz,0.10087281795511222,3
2024-19,max_verstappen,0.21234413965087282,2
2024-19,norris,0.4096009975062344,1
2024-19,piastri,0.1185785536159601,5
2024-19,russell,0.006359102244389027,20
2024-19,perez,0.02456359102244389,9
2024-19,hulkenberg,0.0018703241895261845,11
2024-19,lawson,0.00012468827930174563,19
2024-19,colapinto,0.0003740648379052369,15
2024-19,kevin_magnussen,0.004114713216957606,8
2024-19,gasly,0.0036159600997506237,6
2024-19,alonso,0.00910224438902743,7
2024-19,tsunoda,0.0026184538653366584,10
2024-19,stroll,0.0016209476309226932,13
2024-19,albon,0.002119700748129676,14
2024-19,bottas,0.0006234413965087282,16
2024-19,ocon,0.0016209476309226932,12
2024-19,zhou,0.0006234413965087282,18
2024-19,hamilton,0.00685785536159601,17
2024-20,sainz,0.23753117206982538,1
2024-20,norris,0.2427680798004987,3
2024-20,leclerc,0.11982543640897753,4
2024-20,hamilton,0.051995012468827914,6
2024-20,russell,0.07319201995012467,5
2024-20,max_verstappen,0.2165835411471321,2
2024-20,kevin_magnussen,0.008104738154613465,7
2024-20,piastri,0.011845386533665831,17
2024-20,hulkenberg,0.008354114713216955,10
2024-20,gasly,0.006359102244389026,8
2024-20,stroll,0.002867830423940149,14
2024-20,colapinto,0.001870324189526184,16
2024-20,ocon,0.0008728179551122193,20
2024-20,bottas,0.0006234413965087281,15
2024-20,zhou,0.0008728179551122193,19
2024-20,lawson,0.0013715710723192019,12
2024-20,perez,0.006608478802992517,18
2024-20,alonso,0.0021197007481296754,13
2024-20,albon,0.004364089775561096,9
2024-20,tsunoda,0.001870324189526184,11
2024-21,max_verstappen,0.01807980049875312,17
2024-21,ocon,0.018329177057356608,4
2024-21,gasly,0.0046134663341645885,13
2024-21,russell,0.18840399002493766,2
2024-21,leclerc,0.10885286783042394,6
2024-21,norris,0.4155860349127182,1
2024-21,tsunoda,0.030798004987531172,3
2024-21,piastri,0.09264339152119701,8
2024-21,lawson,0.014837905236907731,5
2024-21,hamilton,0.017581047381546134,14
2024-21,perez,0.02281795511221945,12
2024-21,bearman,0.0046134663341645885,15
2024-21,bottas,0.0026184538653366584,11
2024-21,alonso,0.00885286783042394,9
2024-21,zhou,0.0006234413965087282,19
2024-21,sainz,0.01683291770573566,20
2024-21,colapinto,0.003366583541147132,16
2024-21,albon,0.01658354114713217,7
2024-21,stroll,0.009850374064837904,10
2024-21,hulkenberg,0.004114713216957606,18
2024-22,russell,0.23403990024937663,1
2024-22,hamilton,0.030548628428927686,10
2024-22,sainz,0.19763092269326688,2
2024-22,leclerc,0.1307980049875312,4
2024-22,max_verstappen,0.09763092269326686,5
2024-22,norris,0.11384039900249379,6
2024-22,piastri,0.0701995012468828,8
2024-22,hulkenberg,0.016832917705735664,9
2024-22,tsunoda,0.014837905236907735,7
2024-22,perez,0.016832917705735664,15
2024-22,alonso,0.004364089775561098,16
2024-22,kevin_magnussen,0.007855361596009977,12
2024-22,zhou,0.0013715710723192023,13
2024-22,colapinto,0.0013715710723192023,20
2024-22,stroll,0.004364089775561098,18
2024-22,lawson,0.004613466334164589,14
2024-22,ocon,0.008104738154613468,11
2024-22,bottas,0.0013715710723192023,19
2024-22,albon,0.00286783042394015,17
2024-22,gasly,0.04052369077306734,3
2024-23,max_verstappen,0.1607231920199501,2
2024-23,leclerc,0.09738154613466334,5
2024-23,piastri,0.11733167082294264,4
2024-23,russell,0.18516209476309228,1
2024-23,gasly,0.013092269326683292,11
2024-23,sainz,0.059476309226932665,7
2024-23,alonso,0.017830423940149626,8
2024-23,zhou,0.0038653366583541147,12
2024-23,kevin_magnussen,0.014089775561097256,10
2024-23,norris,0.16945137157107232,3
2024-23,bottas,0.0046134663341645885,13
2024-23,hamilton,0.0699501246882793,6
2024-23,tsunoda,0.009351620947630923,14
2024-23,lawson,0.00860349127182045,17
2024-23,albon,0.007107231920199501,16
2024-23,hulkenberg,0.00885286783042394,18
2024-23,perez,0.037032418952618454,9
2024-23,stroll,0.006359102244389027,15
2024-23,colapinto,0.003117206982543641,19
2024-23,ocon,0.006608478802992519,20
2024-24,norris,0.3667082294264339,1
2024-24,sainz,0.1467581047381546,3
2024-24,leclerc,0.009351620947630921,19
2024-24,hamilton,0.006857855361596008,16
2024-24,russell,0.056483790523690756,6
2024-24,max_verstappen,0.12032418952618451,4
2024-24,gasly,0.014837905236907728,5
2024-24,hulkenberg,0.01109725685785536,7
2024-24,alonso,0.006109725685785534,8
2024-24,piastri,0.23852867830423935,2
2024-24,albon,0.0003740648379052368,18
2024-24,tsunoda,0.001870324189526184,11
2024-24,zhou,0.0003740648379052368,15
2024-24,stroll,0.0011221945137157106,13
2024-24,doohan,0.0013715710723192019,17
2024-24,kevin_magnussen,0.0013715710723192019,14
2024-24,lawson,0.0021197007481296754,12
2024-24,bottas,0.0011221945137157106,9
2024-24,colapinto,0.0003740648379052368,20
2024-24,perez,0.012842892768079798,10
2025-01,norris,0.3325436408977556,1
2025-01,max_verstappen,0.15099750623441396,3
2025-01,russell,0.10635910224438903,4
2025-01,antonelli,0.00860349127182045,16
2025-01,albon,0.01084788029925187,6
2025-01,stroll,0.004114713216957606,13
2025-01,hulkenberg,0.002119700748129676,17
2025-01,leclerc,0.06271820448877806,7
2025-01,piastri,0.22306733167082293,2
2025-01,hamilton,0.038029925187032416,8
2025-01,gasly,0.012344139650872818,9
2025-01,tsunoda,0.012593516209476309,5
2025-01,ocon,0.0028678304239401495,19
2025-01,bearman,0.0016209476309226932,20
2025-01,lawson,0.00486284289276808,18
2025-01,bortoleto,0.002369077306733167,15
2025-01,alonso,0.00685785536159601,12
2025-01,sainz,0.011596009975062344,10
2025-01,doohan,0.0018703241895261845,14
2025-01,hadjar,0.0036159600997506237,11
2025-02,piastri,0.3382793017456359,1
2025-02,norris,0.23678304239401496,3
2025-02,russell,0.15124688279301746,2
2025-02,max_verstappen,0.09887780548628429,4
2025-02,ocon,0.002369077306733167,11
2025-02,antonelli,0.012842892768079801,8
2025-02,albon,0.005112219451371571,10
2025-02,bearman,0.0016209476309226932,17
2025-02,stroll,0.0038653366583541147,14
2025-02,sainz,0.005610972568578554,15
2025-02,hadjar,0.006359102244389027,7
2025-02,lawson,0.0026184538653366584,20
2025-02,doohan,0.001371571072319202,18
2025-02,bortoleto,0.0003740648379052369,19
2025-02,hulkenberg,0.0016209476309226932,12
2025-02,tsunoda,0.006359102244389027,9
2025-02,alonso,0.004364089775561097,13
2025-02,leclerc,0.05748129675810474,6
2025-02,hamilton,0.06072319201995013,5
2025-02,gasly,0.002119700748129676,16
2025-03,max_verstappen,0.19314214463840398,1
2025-03,norris,0.2684538653366584,2
2025-03,piastri,0.19089775561097258,3
2025-03,leclerc,0.10187032418952618,4
2025-03,russell,0.08117206982543641,5
2025-03,antonelli,0.039027431421446386,6
2025-03,hamilton,0.040773067331670826,8
2025-03,hadjar,0.012593516209476309,7
2025-03,albon,0.007605985037406484,9
2025-03,bearman,0.006109725685785536,10
2025-03,alonso,0.007356608478802993,12
2025-03,tsunoda,0.013840399002493765,14
2025-03,gasly,0.008354114713216957,11
2025-03,sainz,0.011596009975062344,15
2025-03,doohan,0.0016209476309226932,19
2025-03,hulkenberg,0.002369077306733167,16
2025-03,lawson,0.0036159600997506237,13
2025-03,ocon,0.0038653366583541147,18
2025-03,bortoleto,0.0011221945137157108,17
2025-03,stroll,0.0046134663341645885,20
2025-04,piastri,0.3542394014962593,1
2025-04,russell,0.12431421446384038,3
2025-04,norris,0.13054862842892764,6
2025-04,leclerc,0.16496259351620945,2
2025-04,hamilton,0.03379052369077306,9
2025-04,max_verstappen,0.06421446384039899,7
2025-04,gasly,0.01882793017456359,4
2025-04,ocon,0.002618453865336658,14
2025-04,tsunoda,0.014339152119700745,10
2025-04,bearman,0.002618453865336658,20
2025-04,antonelli,0.04251870324189525,5
2025-04,albon,0.004862842892768079,15
2025-04,hadjar,0.006109725685785534,12
2025-04,doohan,0.004114713216957605,11
2025-04,alonso,0.004364089775561096,13
2025-04,lawson,0.0021197007481296754,17
2025-04,stroll,0.0023690773067331665,19
2025-04,bortoleto,0.0021197007481296754,18
2025-04,sainz,0.018329177057356604,8
2025-04,hulkenberg,0.002618453865336658,16
2025-05,piastri,0.27119700748129677,2
2025-05,max_verstappen,0.23428927680798006,1
2025-05,leclerc,0.11683291770573566,4
2025-05,norris,0.04600997506234414,10
2025-05,russell,0.14127182044887782,3
2025-05,antonelli,0.04276807980049875,5
2025-05,hamilton,0.045760598503740646,7
2025-05,sainz,0.027805486284289277,6
2025-05,albon,0.007855361596009976,11
2025-05,hadjar,0.005361596009975062,14
2025-05,alonso,0.005361596009975062,13
2025-05,lawson,0.004364089775561097,12
2025-05,bearman,0.005112219451371571,15
2025-05,ocon,0.0038653366583541147,19
2025-05,hulkenberg,0.0036159600997506237,18
2025-05,stroll,0.0028678304239401495,16
2025-05,doohan,0.002369077306733167,17
2025-05,bortoleto,0.002119700748129676,20
2025-05,tsunoda,0.02032418952618454,8
2025-05,gasly,0.01084788029925187,9
2025-06,piastri,0.1704488778054863,4
2025-06,norris,0.32356608478802995,2
2025-06,russell,0.06920199501246883,5
2025-06,max_verstappen,0.2669576059850374,1
2025-06,albon,0.009600997506234414,7
2025-06,antonelli,0.0699501246882793,3
2025-06,leclerc,0.039526184538653364,8
2025-06,hamilton,0.012094763092269327,12
2025-06,sainz,0.014588528678304239,6
2025-06,tsunoda,0.010349127182044887,10
2025-06,hadjar,0.0028678304239401495,11
2025-06,ocon,0.0026184538653366584,9
2025-06,gasly,0.001371571072319202,20
2025-06,hulkenberg,0.001371571072319202,16
2025-06,alonso,0.001371571072319202,17
2025-06,stroll,0.0008728179551122195,18
2025-06,lawson,0.0008728179551122195,15
2025-06,bortoleto,0.0006234413965087282,13
2025-06,bearman,0.0006234413965087282,19
2025-06,doohan,0.0011221945137157108,14
2025-07,max_verstappen,0.17768079800498754,2
2025-07,norris,0.1614713216957606,4
2025-07,piastri,0.35972568578553615,1
2025-07,hamilton,0.017331670822942645,12
2025-07,albon,0.021072319201995014,7
2025-07,leclerc,0.023815461346633416,11
2025-07,russell,0.12531172069825436,3
2025-07,sainz,0.029301745635910224,6
2025-07,hadjar,0.00910224438902743,9
2025-07,tsunoda,0.008104738154613466,20
2025-07,alonso,0.01807980049875312,5
2025-07,hulkenberg,0.0038653366583541147,17
2025-07,gasly,0.00910224438902743,10
2025-07,lawson,0.004114713216957606,15
2025-07,stroll,0.009850374064837904,8
2025-07,colapinto,0.0038653366583541147,16
2025-07,bearman,0.003366583541147132,19
2025-07,bortoleto,0.0028678304239401495,14
2025-07,antonelli,0.011596009975062344,13
2025-07,ocon,0.0003740648379052369,18
2025-08,norris,0.39089775561097256,1
2025-08,leclerc,0.16296758104738154,2
2025-08,piastri,0.22630922693266833,3
2025-08,max_verstappen,0.0958852867830424,4
2025-08,hamilton,0.03827930174563591,7
2025-08,hadjar,0.013341645885286782,5
2025-08,ocon,0.006359102244389027,8
2025-08,lawson,0.004114713216957606,9
2025-08,albon,0.01059850374064838,10
2025-08,sainz,0.006109725685785536,11
2025-08,russell,0.00885286783042394,14
2025-08,bearman,0.0011221945137157108,20
2025-08,colapinto,0.002369077306733167,18
2025-08,bortoleto,0.0018703241895261845,16
2025-08,stroll,0.0011221945137157108,19
2025-08,hulkenberg,0.0018703241895261845,13
2025-08,tsunoda,0.010349127182044887,12
2025-08,antonelli,0.0046134663341645885,15
2025-08,alonso,0.009600997506234414,6
2025-08,gasly,0.003366583541147132,17
2025-09,piastri,0.4004239930165856,1
2025-09,norris,0.3218605811198404,2
2025-09,leclerc,0.040279336575632874,7
2025-09,russell,0.03803466766429729,4
2025-09,hulkenberg,0.00012470382840753212,15
2025-09,hamilton,0.05424616535727647,5
2025-09,hadjar,0.00411522633744856,9
2025-09,gasly,0.005861079935154009,8
2025-09,alonso,0.0013717421124828531,10
2025-09,max_verstappen,0.10512532734754956,3
2025-09,lawson,0.0018705574261129816,13
2025-09,bortoleto,0.0008729267988527247,12
2025-09,tsunoda,0.0016211497692979174,19
2025-09,sainz,0.002618780396558174,17
2025-09,colapinto,0.0008729267988527247,18
2025-09,ocon,0.0018705574261129816,16
2025-09,bearman,0.0023693727397431103,14
2025-09,antonelli,0.013093901982790871,6
2025-09,albon,0.003367003367003367,11
2025-10,russell,0.13753117206982543,1
2025-10,max_verstappen,0.21408977556109726,2
2025-10,antonelli,0.03503740648379052,4
2025-10,piastri,0.32556109725685783,3
2025-10,leclerc,0.05324189526184538,8
2025-10,hamilton,0.08042394014962594,5
2025-10,alonso,0.00910224438902743,6
2025-10,hulkenberg,0.0011221945137157108,11
2025-10,ocon,0.0011221945137157108,14
2025-10,sainz,0.0026184538653366584,16
2025-10,bearman,0.0016209476309226932,13
2025-10,tsunoda,0.0028678304239401495,18
2025-10,colapinto,0.0018703241895261845,10
2025-10,bortoleto,0.0006234413965087282,15
2025-10,gasly,0.001371571072319202,20
2025-10,hadjar,0.0026184538653366584,12
2025-10,stroll,0.0008728179551122195,17
2025-10,norris,0.12007481296758105,7
2025-10,lawson,0.0008728179551122195,19
2025-10,albon,0.007356608478802993,9
2025-11,norris,0.38142144638403996,1
2025-11,piastri,0.22406483790523693,3
2025-11,leclerc,0.17443890274314217,2
2025-11,hamilton,0.08142144638403992,4
2025-11,russell,0.04276807980049876,5
2025-11,lawson,0.007107231920199502,6
2025-11,alonso,0.004862842892768081,11
2025-11,bortoleto,0.0031172069825436415,8
2025-11,hulkenberg,0.001122194513715711,20
2025-11,ocon,0.0018703241895261847,17
2025-11,bearman,0.0013715710723192023,15
2025-11,hadjar,0.004613466334164589,13
2025-11,gasly,0.0051122194513715715,10
2025-11,stroll,0.001122194513715711,16
2025-11,colapinto,0.001122194513715711,14
2025-11,tsunoda,0.0031172069825436415,18
2025-11,albon,0.004862842892768081,12
2025-11,max_verstappen,0.043516209476309235,7
2025-11,antonelli,0.011346633416458855,9
2025-11,sainz,0.0016209476309226934,19
2025-12,norris,0.2517456359102244,3
2025-12,piastri,0.3023690773067332,2
2025-12,hulkenberg,0.0016209476309226932,19
2025-12,hamilton,0.06795511221945137,5
2025-12,max_verstappen,0.16546134663341647,1
2025-12,gasly,0.006608478802992519,8
2025-12,stroll,0.001371571072319202,17
2025-12,albon,0.00685785536159601,13
2025-12,alonso,0.007605985037406484,7
2025-12,russell,0.06521197007481297,4
2025-12,bearman,0.0016209476309226932,18
2025-12,sainz,0.009600997506234414,9
2025-12,ocon,0.003117206982543641,14
2025-12,leclerc,0.07518703241895262,6
2025-12,tsunoda,0.007605985037406484,11
2025-12,antonelli,0.015835411471321694,10
2025-12,hadjar,0.00486284289276808,12
2025-12,bortoleto,0.0006234413965087282,16
2025-12,lawson,0.0028678304239401495,15
2025-12,colapinto,0.0018703241895261845,20
2025-13,piastri,0.3260598503740648,2
2025-13,norris,0.4128428927680798,1
2025-13,leclerc,0.11359102244389027,3
2025-13,max_verstappen,0.06521197007481297,4
2025-13,russell,0.027556109725685785,6
2025-13,albon,0.010349127182044887,5
2025-13,hamilton,0.007356608478802993,18
2025-13,lawson,0.002119700748129676,9
2025-13,bortoleto,0.002369077306733167,10
2025-13,gasly,0.002369077306733167,13
2025-13,bearman,0.0028678304239401495,12
2025-13,hulkenberg,0.0018703241895261845,14
2025-13,tsunoda,0.011097256857855361,7
2025-13,stroll,0.001371571072319202,16
2025-13,ocon,0.002119700748129676,11
2025-13,antonelli,0.003117206982543641,19
2025-13,alonso,0.0011221945137157108,20
2025-13,sainz,0.0018703241895261845,17
2025-13,colapinto,0.0016209476309226932,15
2025-13,hadjar,0.003117206982543641,8
2025-14,norris,0.29314214463840393,3
2025-14,piastri,0.3592269326683291,2
2025-14,russell,0.05423940149625934,4
2025-14,leclerc,0.20162094763092264,1
2025-14,alonso,0.009351620947630921,5
2025-14,bortoleto,0.006359102244389026,7
2025-14,stroll,0.004364089775561096,6
2025-14,lawson,0.004613466334164588,9
2025-14,max_verstappen,0.02780548628428927,8
2025-14,antonelli,0.00511221945137157,15
2025-14,hadjar,0.0033665835411471313,10
2025-14,hamilton,0.017830423940149623,12
2025-14,hulkenberg,0.0016209476309226927,18
2025-14,sainz,0.003865336658354114,13
2025-14,albon,0.0013715710723192019,19
2025-14,ocon,0.0013715710723192019,17
2025-14,tsunoda,0.0013715710723192019,20
2025-14,colapinto,0.0003740648379052368,14
2025-14,gasly,0.0006234413965087281,16
2025-14,bearman,0.0023690773067331665,11
2025-15,piastri,0.3569825436408978,1
2025-15,max_verstappen,0.08366583541147134,3
2025-15,hadjar,0.018827930174563596,4
2025-15,russell,0.05249376558603492,5
2025-15,albon,0.008852867830423942,15
2025-15,bearman,0.0056109725685785546,20
2025-15,stroll,0.005361596009975063,19
2025-15,alonso,0.015336658354114715,10
2025-15,tsunoda,0.010099750623441399,12
2025-15,ocon,0.004613466334164589,18
2025-15,colapinto,0.0033665835411471326,16
2025-15,lawson,0.010598503740648382,8
2025-15,sainz,0.012094763092269329,9
2025-15,hulkenberg,0.004862842892768081,17
2025-15,bortoleto,0.008354114713216959,13
2025-15,antonelli,0.015586034912718207,11
2025-15,gasly,0.004364089775561098,14
2025-15,norris,0.28167082294264345,2
2025-15,leclerc,0.05822942643391522,6
2025-15,hamilton,0.03902743142144639,7
2025-16,max_verstappen,0.150997506234414,1
2025-16,norris,0.33877805486284296,2
2025-16,piastri,0.25324189526184543,3
2025-16,leclerc,0.09488778054862845,4
2025-16,russell,0.056483790523690784,5
2025-16,hamilton,0.016832917705735664,10
2025-16,albon,0.004114713216957607,14
2025-16,bortoleto,0.007107231920199503,7
2025-16,antonelli,0.032044887780548634,6
2025-16,hadjar,0.0016209476309226936,19
2025-16,sainz,0.0056109725685785546,13
2025-16,bearman,0.0023690773067331673,11
2025-16,tsunoda,0.010598503740648382,9
2025-16,lawson,0.00286783042394015,18
2025-16,ocon,0.001870324189526185,15
2025-16,gasly,0.0013715710723192023,20
2025-16,colapinto,0.001870324189526185,17
2025-16,stroll,0.0006234413965087283,16
2025-16,alonso,0.01408977556109726,8
2025-16,hulkenberg,0.002618453865336659,12
2025-17,max_verstappen,0.26820448877805486,1
2025-17,russell,0.08915211970074813,5
2025-17,sainz,0.06920199501246883,2
2025-17,antonelli,0.08092269326683292,4
2025-17,lawson,0.04700748129675811,3
2025-17,tsunoda,0.02630922693266833,6
2025-17,norris,0.1672069825436409,7
2025-17,hamilton,0.02630922693266833,12
2025-17,leclerc,0.05224438902743142,10
2025-17,hadjar,0.020074812967581047,8
2025-17,bortoleto,0.00685785536159601,13
2025-17,bearman,0.0028678304239401495,15
2025-17,albon,0.005610972568578554,19
2025-17,ocon,0.0026184538653366584,20
2025-17,alonso,0.012593516209476309,11
2025-17,hulkenberg,0.004364089775561097,17
2025-17,stroll,0.00486284289276808,14
2025-17,gasly,0.002369077306733167,18
2025-17,colapinto,0.0036159600997506237,16
2025-17,piastri,0.10760598503740648,9
2025-18,russell,0.20511221945137156,1
2025-18,max_verstappen,0.17817955112219452,2
2025-18,norris,0.13977556109725686,5
2025-18,piastri,0.26645885286783044,3
2025-18,antonelli,0.06620947630922694,4
2025-18,leclerc,0.04451371571072319,7
2025-18,alonso,0.008104738154613466,10
2025-18,hamilton,0.04825436408977556,6
2025-18,bearman,0.006109725685785536,9
2025-18,sainz,0.002119700748129676,18
2025-18,hadjar,0.013591022443890275,8
2025-18,tsunoda,0.00486284289276808,13
2025-18,stroll,0.0018703241895261845,15
2025-18,albon,0.002369077306733167,20
2025-18,lawson,0.005112219451371571,12
2025-18,colapinto,0.0008728179551122195,16
2025-18,bortoleto,0.001371571072319202,14
2025-18,ocon,0.0003740648379052369,17
2025-18,gasly,0.001371571072319202,19
2025-18,hulkenberg,0.003366583541147132,11
2025-19,max_verstappen,0.20610972568578553,1
2025-19,norris,0.3442643391521197,2
2025-19,leclerc,0.12082294264339152,3
2025-19,hamilton,0.06596009975062345,5
2025-19,piastri,0.12206982543640897,6
2025-19,russell,0.08491271820448877,4
2025-19,tsunoda,0.003117206982543641,13
2025-19,hulkenberg,0.0018703241895261845,11
2025-19,bearman,0.004364089775561097,8
2025-19,alonso,0.0046134663341645885,10
2025-19,lawson,0.002369077306733167,12
2025-19,stroll,0.0011221945137157108,19
2025-19,antonelli,0.027805486284289277,7
2025-19,albon,0.0018703241895261845,18
2025-19,ocon,0.0006234413965087282,17
2025-19,hadjar,0.0011221945137157108,20
2025-19,colapinto,0.0006234413965087282,15
2025-19,bortoleto,0.0003740648379052369,16
2025-19,gasly,0.0003740648379052369,14
2025-19,sainz,0.005610972568578554,9
2025-20,norris,0.4048628428927681,1
2025-20,leclerc,0.18067331670822942,2
2025-20,max_verstappen,0.07443890274314215,5
2025-20,bearman,0.0038653366583541147,9
2025-20,piastri,0.06820448877805486,7
2025-20,antonelli,0.03403990024937656,6
2025-20,russell,0.08516209476309226,4
2025-20,hamilton,0.1128428927680798,3
2025-20,ocon,0.0026184538653366584,11
2025-20,bortoleto,0.0011221945137157108,16
2025-20,tsunoda,0.00885286783042394,10
2025-20,albon,0.002119700748129676,17
2025-20,hadjar,0.007356608478802993,8
2025-20,stroll,0.0008728179551122195,19
2025-20,gasly,0.00012468827930174563,18
2025-20,colapinto,0.00012468827930174563,20
2025-20,sainz,0.006109725685785536,12
2025-20,alonso,0.002369077306733167,14
2025-20,hulkenberg,0.002119700748129676,13
2025-20,lawson,0.002119700748129676,15
2025-21,norris,0.32481296758104744,1
2025-21,antonelli,0.12157107231920201,2
2025-21,max_verstappen,0.020822942643391525,19
2025-21,russell,0.06596009975062346,6
2025-21,piastri,0.1677057356608479,4
2025-21,bearman,0.015336658354114715,8
2025-21,lawson,0.015586034912718207,7
2025-21,hadjar,0.02556109725685786,5
2025-21,hulkenberg,0.010099750623441399,10
2025-21,gasly,0.0056109725685785546,9
2025-21,albon,0.010099750623441399,12
2025-21,ocon,0.0033665835411471326,20
2025-21,sainz,0.0073566084788029935,15
2025-21,alonso,0.009600997506234416,11
2025-21,colapinto,0.0023690773067331673,16
2025-21,stroll,0.0073566084788029935,14
2025-21,tsunoda,0.008603491271820451,17
2025-21,hamilton,0.029052369077306735,13
2025-21,leclerc,0.14326683291770576,3
2025-21,bortoleto,0.005860349127182046,18
2025-22,max_verstappen,0.18840399002493766,2
2025-22,russell,0.1041147132169576,4
2025-22,antonelli,0.007107231920199501,17
2025-22,leclerc,0.027556109725685785,9
2025-22,sainz,0.041271820448877804,3
2025-22,hadjar,0.012842892768079801,8
2025-22,hulkenberg,0.003117206982543641,11
2025-22,hamilton,0.006608478802992519,19
2025-22,ocon,0.0016209476309226932,13
2025-22,bearman,0.0046134663341645885,14
2025-22,alonso,0.017830423940149626,7
2025-22,tsunoda,0.0018703241895261845,20
2025-22,gasly,0.0028678304239401495,10
2025-22,lawson,0.015835411471321694,6
2025-22,colapinto,0.0026184538653366584,15
2025-22,albon,0.0026184538653366584,16
2025-22,bortoleto,0.0018703241895261845,18
2025-22,stroll,0.006359102244389027,12
2025-22,norris,0.4103491271820449,1
2025-22,piastri,0.14052369077306734,5
2025-23,max_verstappen,0.12705735660847878,3
2025-23,piastri,0.23827930174563586,1
2025-23,sainz,0.02955112219451371,7
2025-23,norris,0.2168329177057356,2
2025-23,antonelli,0.06970074812967579,5
2025-23,russell,0.09114713216957604,4
2025-23,alonso,0.0213216957605985,8
2025-23,leclerc,0.03304239401496259,10
2025-23,lawson,0.015586034912718202,12
2025-23,tsunoda,0.017830423940149623,15
2025-23,albon,0.013341645885286779,14
2025-23,hamilton,0.01982543640897755,17
2025-23,bortoleto,0.006857855361596008,19
2025-23,colapinto,0.0058603491271820435,20
2025-23,ocon,0.010598503740648378,16
2025-23,gasly,0.012593516209476305,9
2025-23,stroll,0.009600997506234412,18
2025-23,hadjar,0.03379052369077306,6
2025-23,bearman,0.015087281795511219,13
2025-23,hulkenberg,0.012094763092269324,11
2025-24,max_verstappen,0.26296758104738155,1
2025-24,piastri,0.2330423940149626,3
2025-24,norris,0.3001246882793017,2
2025-24,leclerc,0.04800498753117207,5
2025-24,russell,0.08416458852867831,4
2025-24,alonso,0.015586034912718205,6
2025-24,ocon,0.00685785536159601,8
2025-24,hamilton,0.005610972568578554,16
2025-24,hulkenberg,0.0008728179551122195,18
2025-24,stroll,0.0016209476309226932,15
2025-24,bortoleto,0.003366583541147132,7
2025-24,bearman,0.0026184538653366584,11
2025-24,sainz,0.005860349127182045,12
2025-24,tsunoda,0.00910224438902743,10
2025-24,antonelli,0.00910224438902743,14
2025-24,albon,0.002369077306733167,17
2025-24,hadjar,0.005860349127182045,9
2025-24,lawson,0.0026184538653366584,13
2025-24,gasly,0.00012468827930174563,19
2025-24,colapinto,0.00012468827930174563,20
2026-01,russell,0.21079531288955372,1
2026-01,antonelli,0.15345300423834454,2
2026-01,leclerc,0.11356270256793817,4
2026-01,hamilton,0.05023684866616804,7
2026-01,norris,0.11580653203689853,6
2026-01,max_verstappen,0.014086262777362253,20
2026-01,bearman,0.013089005235602094,12
2026-01,arvid_lindblad,0.015332834704562454,9
2026-01,bortoleto,0.014335577162802293,10
2026-01,gasly,0.006108202443280977,14
2026-01,ocon,0.008352031912241336,13
2026-01,albon,0.008102717526801296,15
2026-01,lawson,0.016579406631762654,8
2026-01,colapinto,0.0048616305160807775,16
2026-01,sainz,0.008102717526801296,21
2026-01,perez,0.009099975068561457,18
2026-01,stroll,0.0048616305160807775,22
2026-01,alonso,0.0048616305160807775,17
2026-01,bottas,0.0013712291199202194,19
2026-01,hadjar,0.0843929194714535,3
2026-01,piastri,0.12727499376714035,5
2026-01,hulkenberg,0.015332834704562454,11
2026-02,antonelli,0.2367240089753178,1
2026-02,russell,0.20356519571179252,2
2026-02,hamilton,0.13251059586138117,3
2026-02,leclerc,0.11281475941161802,4
2026-02,bearman,0.0058588880578409365,10
2026-02,gasly,0.005609573672400897,7
2026-02,lawson,0.0023684866616803784,14
2026-02,hadjar,0.021565694340563445,9
2026-02,sainz,0.0016205435053602587,17
2026-02,colapinto,0.0006232859636000996,12
2026-02,hulkenberg,0.0058588880578409365,11
2026-02,arvid_lindblad,0.0026178010471204186,15
2026-02,bottas,0.00012465719272001992,19
2026-02,ocon,0.0026178010471204186,13
2026-02,perez,0.00012465719272001992,21
2026-02,max_verstappen,0.045250560957367236,8
2026-02,alonso,0.0013712291199202192,18
2026-02,stroll,0.00012465719272001992,20
2026-02,piastri,0.12552979306906006,5
2026-02,norris,0.08838194963849413,6
2026-02,bortoleto,0.0028671154325604583,16
2026-02,albon,0.0018698578908002987,22
2026-03,antonelli,0.24619795562203933,1
2026-03,piastri,0.1808775866367489,3
2026-03,leclerc,0.11281475941161802,4
2026-03,russell,0.19758165046123155,2
2026-03,norris,0.10259286960857639,5
2026-03,hamilton,0.05796559461480926,6
2026-03,gasly,0.011094490152081773,7
2026-03,max_verstappen,0.026302667663924202,11
2026-03,lawson,0.0058588880578409365,14
2026-03,ocon,0.005110944901520817,12
2026-03,hulkenberg,0.009099975068561455,13
2026-03,hadjar,0.01932186487160309,8
2026-03,bortoleto,0.007354774370481175,9
2026-03,arvid_lindblad,0.004363001745200697,10
2026-03,sainz,0.0021191722762403387,16
2026-03,colapinto,0.0028671154325604583,15
2026-03,perez,0.00012465719272001992,19
2026-03,alonso,0.0008726003490401394,21
2026-03,bottas,0.00012465719272001992,20
2026-03,albon,0.0031164298180004976,17
2026-03,stroll,0.0003739715781600597,22
2026-03,bearman,0.0038643729743206173,18
2026-04,antonelli,0.3701072051857392,1
2026-04,norris,0.14023934181002243,4
2026-04,piastri,0.060458738469209676,7
2026-04,russell,0.0968586387434555,5
2026-04,max_verstappen,0.11780104712041885,2
2026-04,hamilton,0.04425330341560708,6
2026-04,colapinto,0.004113687359760658,8
2026-04,leclerc,0.15370231862378458,3
2026-04,sainz,0.00037397157816005983,13
2026-04,albon,0.00037397157816005983,15
2026-04,bearman,0.0013712291199202194,12
2026-04,bortoleto,0.00012465719272001995,21
2026-04,ocon,0.00037397157816005983,14
2026-04,arvid_lindblad,0.00012465719272001995,16
2026-04,alonso,0.00012465719272001995,17
2026-04,perez,0.00012465719272001995,20
2026-04,stroll,0.00012465719272001995,18
2026-04,bottas,0.00012465719272001995,19
2026-04,hulkenberg,0.002368486661680379,10
2026-04,lawson,0.0018698578908002991,11
2026-04,gasly,0.0048616305160807775,9
2026-04,hadjar,0.00012465719272001995,22
2026-05,antonelli,0.23423086512091743,2
2026-05,hamilton,0.061705310396409856,5
2026-05,max_verstappen,0.037521815008726,6
2026-05,leclerc,0.044003989030167036,8
2026-05,hadjar,0.01358763400648217,7
2026-05,colapinto,0.0041136873597606574,10
2026-05,lawson,0.0028671154325604583,12
2026-05,gasly,0.0038643729743206173,14
2026-05,sainz,0.0018698578908002987,15
2026-05,bearman,0.0023684866616803784,16
2026-05,piastri,0.13550236848666164,4
2026-05,hulkenberg,0.0041136873597606574,11
2026-05,bortoleto,0.0028671154325604583,13
2026-05,ocon,0.0008726003490401394,17
2026-05,stroll,0.0003739715781600597,22
2026-05,bottas,0.00012465719272001992,21
2026-05,perez,0.0003739715781600597,20
2026-05,norris,0.1891049613562702,3
2026-05,russell,0.2576664173522812,1
2026-05,alonso,0.0003739715781600597,19
2026-05,albon,0.0006232859636000996,18
2026-05,arvid_lindblad,0.0018698578908002987,9
2026-06,antonelli,0.3676140613313388,1
2026-06,hamilton,0.13799551234106205,3
2026-06,hadjar,0.03602592869608576,5
2026-06,piastri,0.05472450760408874,7
2026-06,lawson,0.0041136873597606574,10
2026-06,arvid_lindblad,0.0003739715781600597,15
2026-06,gasly,0.0058588880578409365,9
2026-06,albon,0.0023684866616803784,11
2026-06,ocon,0.0006232859636000996,17
2026-06,alonso,0.00012465719272001992,21
2026-06,bortoleto,0.0013712291199202192,16
2026-06,russell,0.08239840438793317,6
2026-06,hulkenberg,0.0026178010471204186,13
2026-06,colapinto,0.0018698578908002987,14
2026-06,perez,0.00012465719272001992,18
2026-06,sainz,0.0016205435053602587,12
2026-06,leclerc,0.11630516080777858,4
2026-06,stroll,0.00012465719272001992,22
2026-06,norris,0.04849164796808775,8
2026-06,bearman,0.0011219147344801793,19
2026-06,bottas,0.00012465719272001992,20
2026-06,max_verstappen,0.13400648217402142,2
2026-07,hamilton,0.21328845674395408,2
2026-07,russell,0.3115183246073298,1
2026-07,norris,0.07516828721017202,4
2026-07,max_verstappen,0.056220393916728985,5
2026-07,piastri,0.0300423834455248,7
2026-07,hadjar,0.022812266267763646,6
2026-07,gasly,0.0023684866616803784,14
2026-07,lawson,0.004612316130640737,8
2026-07,arvid_lindblad,0.0003739715781600597,11
2026-07,colapinto,0.0006232859636000996,13
2026-07,bortoleto,0.0003739715781600597,12
2026-07,sainz,0.0003739715781600597,16
2026-07,ocon,0.00012465719272001992,17
2026-07,perez,0.00012465719272001992,19
2026-07,leclerc,0.03178758414360508,10
2026-07,antonelli,0.24769384193467958,3
2026-07,bearman,0.0003739715781600597,15
2026-07,albon,0.0003739715781600597,18
2026-07,alonso,0.00012465719272001992,22
2026-07,hulkenberg,0.0011219147344801793,9
2026-07,bottas,0.00012465719272001992,20
2026-07,stroll,0.0003739715781600597,21
2026-08,russell,0.293567688855647,1
2026-08,max_verstappen,0.053228621291448515,5
2026-08,antonelli,0.1719022687609075,4
2026-08,piastri,0.038519072550486165,7
2026-08,hamilton,0.16093243580154576,3
2026-08,hadjar,0.016828721017202692,8
2026-08,norris,0.05023684866616804,6
2026-08,leclerc,0.20456245325355274,2
2026-08,lawson,0.002617801047120419,9
2026-08,arvid_lindblad,0.0006232859636000997,10
2026-08,bortoleto,0.0013712291199202194,12
2026-08,hulkenberg,0.0011219147344801795,14
2026-08,gasly,0.002368486661680379,11
2026-08,bearman,0.0006232859636000997,13
2026-08,colapinto,0.00037397157816005983,16
2026-08,ocon,0.00012465719272001995,15
2026-08,albon,0.00012465719272001995,18
2026-08,alonso,0.00012465719272001995,21
2026-08,stroll,0.00012465719272001995,22
2026-08,sainz,0.00037397157816005983,17
2026-08,perez,0.00012465719272001995,19
2026-08,bottas,0.00012465719272001995,20
2026-09,leclerc,0.19159810521067067,2
2026-09,russell,0.1412365993517826,4
2026-09,hamilton,0.16267763649962602,3
2026-09,norris,0.05023684866616804,6
2026-09,hadjar,0.034031413612565446,5
2026-09,lawson,0.002368486661680379,10
2026-09,arvid_lindblad,0.002119172276240339,9
2026-09,bortoleto,0.0008726003490401396,11
2026-09,colapinto,0.0006232859636000997,19
2026-09,gasly,0.0011219147344801795,15
2026-09,piastri,0.029543754674644727,8
2026-09,bearman,0.00037397157816005983,13
2026-09,ocon,0.00012465719272001995,17
2026-09,perez,0.00012465719272001995,20
2026-09,antonelli,0.33969085016205436,1
2026-09,bottas,0.00012465719272001995,18
2026-09,sainz,0.00037397157816005983,14
2026-09,alonso,0.00012465719272001995,21
2026-09,stroll,0.00012465719272001995,22
2026-09,max_verstappen,0.04026427324856644,7
2026-09,albon,0.0006232859636000997,16
2026-09,hulkenberg,0.0016205435053602592,12
2026-10,antonelli,0.35764148591373723,1
2026-10,leclerc,0.1350037397157816,4
2026-10,max_verstappen,0.13275991024682124,2
2026-10,hamilton,0.10259286960857641,5
2026-10,piastri,0.040762902019446524,6
2026-10,hadjar,0.004363001745200698,21
2026-10,norris,0.013587634006482174,13
2026-10,bortoleto,0.002617801047120419,8
2026-10,arvid_lindblad,0.004113687359760658,7
2026-10,colapinto,0.0011219147344801795,11
2026-10,gasly,0.0013712291199202194,10
2026-10,lawson,0.0018698578908002991,9
2026-10,hulkenberg,0.0013712291199202194,12
2026-10,bearman,0.00037397157816005983,14
2026-10,albon,0.00012465719272001995,15
2026-10,sainz,0.00037397157816005983,19
2026-10,ocon,0.00037397157816005983,16
2026-10,bottas,0.00012465719272001995,17
2026-10,alonso,0.00012465719272001995,22
2026-10,stroll,0.00012465719272001995,20
2026-10,perez,0.00012465719272001995,18
2026-10,russell,0.19907753677387185,3
2026-11,norris,0.19085016205435054,1
2026-11,max_verstappen,0.10109698329593618,4
2026-11,antonelli,0.10608327100473697,7
2026-11,leclerc,0.24445275492395913,2
2026-11,hamilton,0.11231613064073798,5
2026-11,hadjar,0.026551982049364247,8
2026-11,russell,0.09760658189977561,6
2026-11,lawson,0.002368486661680379,11
2026-11,hulkenberg,0.0013712291199202194,10
2026-11,arvid_lindblad,0.0036150585888805784,9
2026-11,bortoleto,0.0013712291199202194,14
2026-11,gasly,0.00037397157816005983,12
2026-11,stroll,0.00012465719272001995,20
2026-11,alonso,0.00012465719272001995,16
2026-11,colapinto,0.0006232859636000997,13
2026-11,ocon,0.00012465719272001995,15
2026-11,albon,0.00012465719272001995,19
2026-11,sainz,0.00012465719272001995,18
2026-11,bearman,0.00012465719272001995,17
2026-11,piastri,0.11032161555721764,3
2026-11,perez,0.00012465719272001995,22
2026-11,bottas,0.00012465719272001995,21
2026-12,norris,0.19832959361755173,1
2026-12,antonelli,0.1975816504612316,3
2026-12,russell,0.20705559710795313,2
2026-12,hamilton,0.1175517327349788,5
2026-12,leclerc,0.08514086262777362,6
2026-12,piastri,0.09162303664921466,4
2026-12,lawson,0.019321864871603093,8
2026-12,hulkenberg,0.0033657442034405387,13
2026-12,alonso,0.00012465719272001995,18
2026-12,gasly,0.005609573672400898,11
2026-12,tsunoda,0.006108202443280977,12
2026-12,arvid_lindblad,0.003864372974320618,10
2026-12,bortoleto,0.0033657442034405387,9
2026-12,colapinto,0.002368486661680379,14
2026-12,perez,0.00012465719272001995,22
2026-12,sainz,0.00037397157816005983,17
2026-12,albon,0.00012465719272001995,16
2026-12,bottas,0.00012465719272001995,21
2026-12,ocon,0.00037397157816005983,15
2026-12,stroll,0.00012465719272001995,19
2026-12,bearman,0.00012465719272001995,20
2026-12,max_verstappen,0.05721765145848916,7
2026-13,antonelli,0.04724507604088756,19
2026-13,russell,0.2766143106457243,2
2026-13,max_verstappen,0.08962852156569434,5
2026-13,norris,0.06170531039640987,8
2026-13,piastri,0.07491897282473199,6
2026-13,hamilton,0.17539267015706805,4
2026-13,gasly,0.030790326601844928,1
2026-13,arvid_lindblad,0.004612316130640738,9
2026-13,colapinto,0.004363001745200698,7
2026-13,tsunoda,0.0013712291199202194,15
2026-13,bortoleto,0.0031164298180004985,10
2026-13,hulkenberg,0.0016205435053602592,12
2026-13,sainz,0.00037397157816005983,13
2026-13,lawson,0.004363001745200698,22
2026-13,bearman,0.0011219147344801795,11
2026-13,ocon,0.00012465719272001995,14
2026-13,albon,0.00012465719272001995,20
2026-13,perez,0.00012465719272001995,17
2026-13,bottas,0.00012465719272001995,16
2026-13,stroll,0.00012465719272001995,18
2026-13,alonso,0.00012465719272001995,21
2026-13,leclerc,0.22201446023435553,3
2026-14,antonelli,0.28184991273996507,2
2026-14,max_verstappen,0.10683121416105709,3
2026-14,norris,0.2162802293692346,1
2026-14,leclerc,0.11106955871353777,5
2026-14,russell,0.08090251807529295,6
2026-14,lawson,0.013089005235602094,8
2026-14,colapinto,0.0028671154325604587,9
2026-14,piastri,0.053477935676888556,7
2026-14,arvid_lindblad,0.0008726003490401396,10
2026-14,hulkenberg,0.0013712291199202194,11
2026-14,ocon,0.00037397157816005983,13
2026-14,gasly,0.002617801047120419,14
2026-14,bortoleto,0.0013712291199202194,12
2026-14,tsunoda,0.0008726003490401396,15
2026-14,albon,0.00012465719272001995,16
2026-14,bearman,0.00012465719272001995,22
2026-14,alonso,0.00012465719272001995,17
2026-14,bottas,0.00012465719272001995,19
2026-14,sainz,0.00037397157816005983,20
2026-14,perez,0.00012465719272001995,18
2026-14,stroll,0.00012465719272001995,21
2026-14,hamilton,0.12503116429818,4
2026-15,russell,0.3509099975068562,1
2026-15,max_verstappen,0.04300673148840689,8
2026-15,hadjar,0.06868611318873101,4
2026-15,leclerc,0.2165295437546747,2
2026-15,antonelli,0.03826975816504613,16
2026-15,hamilton,0.06768885564697084,6
2026-15,arvid_lindblad,0.0011219147344801797,15
2026-15,ocon,0.0008726003490401398,13
2026-15,bearman,0.0006232859636000998,10
2026-15,sainz,0.0006232859636000998,14
2026-15,hulkenberg,0.0013712291199202197,18
2026-15,lawson,0.0018698578908002996,11
2026-15,piastri,0.10633258539017704,3
2026-15,perez,0.00012465719272001998,20
2026-15,bortoleto,0.0011219147344801797,17
2026-15,bottas,0.00012465719272001998,19
2026-15,colapinto,0.0023684866616803793,9
2026-15,gasly,0.005360259286960859,7
2026-15,norris,0.09212166542009476,5
2026-15,albon,0.0006232859636000998,12
2026-15,alonso,0.00012465719272001998,21
2026-15,stroll,0.00012465719272001998,22
