pass_thr,start_sigma,pace_sigma_mult,logloss
0.014,1.2,0.6,1.5473587760905072
0.014,0.6,0.6,1.555938566246374
0.014,1.2,0.3,1.5584272982247127
0.014,0.6,0.3,1.5615511151891415
0.008,0.6,0.6,1.5830149442821801
0.014,0.6,1.0,1.583411538519592
0.008,1.2,0.6,1.5842469753588826
0.004,0.6,0.6,1.5885747433747694
0.014,1.2,1.0,1.5908194888573781
0.004,1.2,0.6,1.5967018537073807
0.008,1.2,1.0,1.6130138278183757
0.008,0.6,1.0,1.6153182329502935
0.004,0.6,1.0,1.616771485796098
0.004,1.2,1.0,1.6174391869204325
0.008,0.6,0.3,1.6187887117332203
0.008,1.2,0.3,1.6188463913935751
0.004,0.6,0.3,1.6269776036787824
0.004,1.2,0.3,1.6289638348892856
