model,top1,top3,logloss,ll_lo,ll_hi,vs_old,vs_old_lo,vs_old_hi,vs_grid,vs_grid_lo,vs_grid_hi
rf_post,0.6666666666666666,0.9333333333333333,1.079751671016022,0.6617919427418296,1.5528908178507381,0.16922176645206152,0.0121632366096872,0.3492632426338472,0.33021058337806924,-0.27564158408732514,1.272431326222444
logit_post,0.6,0.9333333333333333,1.180855557296849,0.7688949540377911,1.6537443509106662,0.06811788017123428,-0.006117356218202746,0.14195754303425623,0.229106697097242,-0.2509215306345898,1.0071486602939466
ens_v3,0.6,0.8666666666666667,1.2192012360111983,0.7687900898381788,1.6880558625260893,0.029772201456884907,-0.05672446290696954,0.12122689961991155,0.1907610183828926,-0.3604589631029282,1.0842143672274833
ens_old,0.6,0.9333333333333333,1.2489734374680834,0.8314785213128133,1.7538297680231525,0.0,0.0,0.0,0.16098881692600767,-0.3361131414112481,0.9682563029967758
pl_post,0.6,0.9333333333333333,1.2709672633752631,0.8921475089247353,1.7531192871055987,-0.021993825907179597,-0.08606707097702192,0.05376003452027575,0.13899499101882803,-0.31191444203527807,0.8945375623010291
chaos_post,0.6,0.9333333333333333,1.2709931960038239,0.8851967301166476,1.7389520961676062,-0.02201975853574031,-0.0877699216247865,0.05459142360734718,0.13896905839026735,-0.3099976943790043,0.8919891914423008
plmlp_post,0.6666666666666666,0.9333333333333333,1.2829821745334902,0.9154964425599356,1.818234226485806,-0.03400873706540657,-0.22012725625303414,0.1444033397668718,0.12698007986060109,-0.2459454180069545,0.7723322829848209
cat_post,0.6,0.8666666666666667,1.2946003456066033,0.8872997606018472,1.748832976063185,-0.045626908138519794,-0.18264524389105968,0.08361028270710984,0.1153619087874879,-0.45523552588401944,1.0438153541567903
nn_post,0.6666666666666666,0.8666666666666667,1.3303505338680166,0.9299938415876301,1.8571669194237848,-0.08137709639993303,-0.23484606738915928,0.06326407263897742,0.07961172052607468,-0.32634970041494693,0.7536176760046802
cat_elo,0.6,0.8666666666666667,1.3485302857354793,0.8731843413648916,1.825067675124139,-0.09955684826739579,-0.2398678534490908,0.027770367271444163,0.06143196865861188,-0.48505019463814886,0.9180984503573485
gbm_elo,0.5333333333333333,0.8666666666666667,1.349680282541055,0.8046198441743717,1.9607818855649535,-0.10070684507297152,-0.30538245501364897,0.08964656215969755,0.060281971853036145,-0.5825983754450966,0.9775596161517078
gbm_post,0.5333333333333333,0.8666666666666667,1.374483246226556,0.8422692769850487,1.9308527254420413,-0.12550980875847242,-0.3683471760984827,0.10244683955606906,0.03547900816753525,-0.6586486670651186,1.001084317601188
logit_elo,0.5333333333333333,0.9333333333333333,1.374673563107494,0.987098710383934,1.862370320952611,-0.12570012563941052,-0.25173486314534693,0.03832788654565602,0.035288691286597194,-0.40488069793493764,0.7559279288828595
grid_logit,0.6666666666666666,0.9333333333333333,1.4099622543940913,0.7830327774673339,2.547646545296542,-0.16098881692600767,-0.9682563029967766,0.336113141411247,0.0,0.0,0.0
chaos_elo,0.3333333333333333,0.9333333333333333,1.526279352042369,1.1214108107810505,2.0275081927387566,-0.27730591457428566,-0.461093840346613,-0.0487617191268677,-0.11631709764827794,-0.5655250121862428,0.5921323043073077
pl_elo,0.3333333333333333,0.9333333333333333,1.5277452029349257,1.1374400880222721,2.0066742643312234,-0.27877176546684207,-0.46133056219122326,-0.052040704234353266,-0.11778294854083432,-0.5684616714518906,0.5937076901559898
dt_post,0.6666666666666666,0.8,1.5928659432252619,0.6194231140213797,2.7637519339329955,-0.3438925057571786,-1.0965200339116563,0.2567204767997289,-0.1829036888311709,-1.066807960141854,0.5024961782786147
